State,Year,Gini-Indx,PopDens,Pov.%,GnLwRnk (Low is strict),Pop.,StateSqMi,AllVlntCrm,AllMrdr,GunHom.Rate100k,RapeRvsd,RapeLgcy,Robbery,AggvtdAsslt,MassShoot,MassShoot100k,MasShootY,FirearmSuic,AllSuic,House%OwnGuns,PolicKilledGun,PoliceKilledGun100k,NumOfPoliceOfficers,PoliceOfficers100k,GunRnkCATO,GunRnkEvryTwn,GunRnkAVG,PrcntBlck,PrcntHispORLat,PrtyRepub.,PrtyDemoc.,AlchlPerCap,MntlHlthRnk,PrcntHSchl,PrcntBchlr,RdntHntLic,RdntHntLic100k,GunShow100k,PrcntPopVet,PrcntPopUrbn,PrcntEvang.,CntryV.Rck,B5E,B5A,B5C,B5N,B5O,IATScore,UnHyphAm.,PrcntUnHyphAm.,PrcntConsrv,FxNwsCnsmp.,HnrCultr,CensS,CensNE,CensMW,CensW,MnMrdrWmn
Alabama,2016,0.485,95.83990225,16.2,37,4863300,50744,532.3,8.4,9.34,39.4,28.5,96.4,388.2,15,0.3084325458,1,11.31,16.2,69.81,0,0,8663.666667,178.1437844,9,16,12.5,26.37,3.97,52,35,1.993333333,31,83.70,23.07,567703,11673.20544,0.78,9,59.04,49,7,55.5,52.7,55.5,48.7,42.7,0.439,674196,13.86293258,44.7,8,1,1,0,0,0,1.124
Alaska,2016,0.408,1.2971286,12.6,44,741894,571951,804.2,7,6.07,141.9,102,114.6,540.6,0,0,0,15.23,26.01,58.55,1,0.1347901452,1285,173.2053366,4,5,4.5,3.47,6.20,39,32,2.793333333,9,91.83,27.73,320848,43247.14851,0.33,10,66.02,22,5,50,50,50,50,50,0.382,27706,3.734495764,43.1,1,0,0,0,0,1,2.767
Arizona,2016,0.471,60.99415673,16.1,47,6931071,113635,470.1,5.5,4.37,47.5,35.4,101.8,315.4,4,0.05771113873,1,10.89,18.34,59.38,2,0.02885556936,12475,179.9866139,3,13,8,4.20,30.10,40,39,2.353333333,50,85.87,27.17,408602,5895.221676,1.2,8,89.81,26,5,50.6,46.6,58.4,38.1,54.7,0.398,319017,4.602708586,36,5,1,0,0,0,1,1.310
Arkansas,2016,0.472,57.39125759,16,38,2988248,52068,550.9,7.2,6.09,71.7,51.7,70.9,401,3,0.1003932739,1,11.08,18.57,59.67,1,0.03346442464,5890,197.1054611,32,22,27,15.50,6.73,46,38,1.81,41,84.27,20.60,395700,13241.87283,1.42,8,56.16,46,7,49.9,52.7,41,56.2,40.3,0.411,320628,10.72963154,45.2,7,1,1,0,0,0,1.367
California,2016,0.49,251.6688168,13.9,1,39250017,155959,445.3,4.9,3.74,34.9,25.9,139.6,265.9,47,0.1197451711,1,4.06,10.94,37.11,6,0.01528661758,77168,196.6062843,49,46,47.5,5.93,38.17,30,49,2.303333333,23,81.50,31.03,1014445,2584.572129,0.37,5,94.95,20,1,51.4,49,43.2,39.1,65,0.392,941696,2.399224439,30.8,3,1,0,0,0,1,0.970
Colorado,2016,0.459,53.41931969,8.5,14,5540545,103718,342.6,3.7,2.91,64.2,47.3,63.7,211.1,4,0.07219506384,1,11.06,21.08,52.47,2,0.03609753192,11431.33333,206.32146,13,29,21,4.00,20.93,41,42,2.78,19,90.43,37.53,439560,7933.515566,1.64,8,86.15,26,4,45.3,47.5,58.8,34.3,57.9,0.358,241752,4.363325269,36.9,4,1,0,0,0,1,1.090
Connecticut,2016,0.495,738.1737874,9.8,2,3576452,4845,227.1,2.2,1.54,21.3,15.7,75.6,128,6,0.1677640298,1,3.08,11.1,27.75,0,0,8356.333333,233.6486924,43,45,44,10.20,14.30,32,50,2.38,3,89.53,37.03,126934,3549.159894,0.37,6,87.99,13,1,57.6,38.6,34.2,53.4,53.9,0.416,104980,2.935311309,27.4,4,0,0,1,0,0,0.870
Delaware,2016,0.452,487.2389969,11.6,11,952065,1954,508.8,5.9,4.62,32.4,23.2,142.7,327.8,2,0.2100696906,1,6.83,12.5,54.64,0,0,2257.333333,237.0986575,41,39,40,21.57,8.57,29,55,3.62,16,88.03,29.43,51268,5384.926449,0.81,9,83.3,15,1,47,38.8,36.5,62.4,42.7,0.445,39346,4.132701024,32.3,1,1,0,1,0,0,0.967
Florida,2016,0.485,382.2285497,13,26,20612439,53927,430.3,5.4,4.81,36.9,26.8,97.9,290.2,30,0.1455431839,1,8.11,15.25,53.18,0,0,38229,185.4656792,38,16,27,16.07,23.30,37,44,2.636666667,25,86.50,26.83,337794,1638.787142,1.19,8,91.16,24,2,60.9,50.7,62.7,40.8,61,0.438,1462965,7.097486134,36.8,6,1,1,0,0,0,1.124
Georgia,2016,0.481,178.0535868,15.4,29,10310371,57906,397.6,6.6,6.33,34,24.5,118.4,238.5,17,0.1648825246,1,8.45,13.67,61.81,7,0.06789280425,20356.33333,197.4355077,7,10,8.5,30.83,9.03,41,41,1.96,18,85.03,28.37,1299513,12603.94025,1.17,8,75.07,38,6,63.2,60,68.8,38,56.9,0.437,1074799,10.42444544,41.8,7,1,1,0,0,0,1.383
Hawaii,2016,0.442,222.4127355,9.3,7,1428557,6423,309.2,2.5,1.54,43.3,31.3,69.6,193.8,0,0,0,2.59,12.18,21.26,0,0,2943.666667,206.0587479,50,50,50,1.90,9.60,28,51,2.573333333,22,90.70,30.47,11554,808.7881688,0,9,91.93,25,1,50,50,50,50,50,0.369,13753,0.9627197235,27.2,1,0,0,0,0,1,0.570
Idaho,2016,0.45,20.34079785,11.1,46,1683140,82747,230.3,2.9,0.89,42.7,31.4,12.7,172,0,0,0,12.77,20.85,61.25,0,0,2732.666667,162.3552804,18,3,10.5,0.60,11.63,49,32,2.83,45,89.13,25.47,858462,51003.60041,1.62,8,70.58,21,6,40.7,52.9,44.5,44.2,44.7,0.356,150580,8.946374039,47.5,1,1,0,0,0,1,0.777
Illinois,2016,0.481,230.3097834,12.1,8,12801539,55584,436.3,8.2,7.37,38.3,28.4,139.3,250.5,42,0.3280855528,1,3.95,11.05,35.75,0,0,15691,122.5712002,45,49,47,14.37,16.27,33,48,2.336666667,12,87.60,31.87,1434829,11208.25395,0.85,6,88.49,20,2,62.5,48.3,50.9,51.2,55.2,0.415,596639,4.660681813,32.4,4,0,0,0,1,0,0.273
Indiana,2016,0.453,184.9347032,11.8,24,6633053,35867,404.7,6.6,5.55,37.7,27.9,110.5,249.9,8,0.1206081121,1,8.91,15.59,57.15,1,0.01507601402,7995.333333,120.5377574,17,21,19,9.13,6.30,42,37,2.09,44,87.53,23.63,408435,6157.571785,1.37,7,72.44,31,6,48.9,50.2,56.2,59.3,44.9,0.409,704473,10.62064482,41.1,6,0,0,0,1,0,1.113
Iowa,2016,0.445,56.10791315,9.8,16,3134693,55869,290.6,2.3,1.56,39.8,29.4,36.6,212,0,0,0,7.27,14.39,50.52,2,0.06380210119,5073.666667,161.855297,40,20,30,3.10,5.27,41,40,2.356666667,8,91.27,26.27,545908,17415.03873,2.34,8,64.02,28,7,62.8,56.6,52.2,49.1,33.7,0.392,185253,5.909765326,40.1,5,0,0,0,1,0,0.810
Kansas,2016,0.455,35.53491414,11.2,48,2907289,81815,380.4,3.8,3.89,45.1,33.4,57.5,274,5,0.1719815264,1,8.84,17.68,50.00,2,0.06879261057,6280.666667,216.0317281,15,12,13.5,5.77,10.97,46,31,1.9,15,90.00,30.67,363793,12513.13509,1.4,8,74.2,31,7,45.5,48.9,50.8,49,40.1,0.397,217907,7.495195696,41.7,6,0,0,0,1,0,1.283
Kentucky,2016,0.481,111.6837998,15.2,42,4436974,39728,232.3,5.9,5.27,37,26.5,75.9,113.5,2,0.0450757656,1,11.16,17.04,65.49,0,0,6838,154.1140426,8,15,11.5,7.87,3.20,44,43,1.9,21,83.57,21.87,520032,11720.42027,0.92,8,58.38,49,7,53.4,48.1,51.3,62.5,43,0.408,890180,20.06277251,40.9,7,1,1,0,0,0,1.440
Louisiana,2016,0.499,107.4713282,20.2,43,4681666,43562,566.1,11.8,11.24,38.8,28.4,119.1,396.4,13,0.2776789288,1,9.4,14.46,65.01,4,0.08543967041,9127.666667,194.9662079,37,22,29.5,32.07,4.57,41,43,2.583333333,43,82.93,22.13,624691,13343.34829,1.03,7,73.19,27,4,52.2,49.7,45,60.4,53.7,0.449,437042,9.335181109,44.1,6,1,1,0,0,0,2.120
Maine,2016,0.452,43.14299138,12.7,36,1331479,30862,123.8,1.5,0.9266666667,30.9,22.5,20,71.3,0,0,0,8.41,16.97,49.56,0,0,2269.333333,170.4370353,16,18,17,1.10,1.43,36,47,2.723333333,17,91.33,28.43,224221,16839.99522,0.8,10,38.66,14,3,44.2,32.8,24,71,50.8,0.374,102182,7.674323065,32.6,1,0,0,1,0,0,0.883
Maryland,2016,0.45,615.5562717,7.1,5,6016447,9774,472,8,7.25,29.2,21,171,263.8,11,0.1828321599,1,4.17,9.74,42.81,2,0.03324221089,16861.33333,280.2539993,44,41,42.5,29.47,8.77,31,55,2.153333333,13,89.03,37.33,103993,1728.478619,0.7,7,87.2,18,2,35.2,37.3,37.5,49.4,56.6,0.413,259963,4.320872435,31.8,5,1,1,0,0,0,1.107
Massachusetts,2016,0.479,868.8493622,9.6,4,6811779,7840,376.9,2,1.31,31.2,23.4,78.8,265,3,0.04404135836,1,2.06,9.26,22.25,1,0.01468045279,16656.66667,244.5274086,47,48,47.5,7.00,10.23,27,56,2.543333333,2,89.57,39.97,238539,3501.860527,0.28,6,91.97,9,1,44.4,40.7,32.2,63.8,59.6,0.396,236898,3.477769904,27.4,4,0,0,1,0,0,0.557
Michigan,2016,0.47,174.7817055,11.1,16,9928300,56804,459,6,4.85,71.8,51.5,71.7,309.5,11,0.1107943958,1,7.22,13.74,52.55,4,0.04028887121,16977.66667,171.0027564,36,29,32.5,14.00,4.60,34,47,2.266666667,32,89.27,26.40,1847080,18604.19206,0.98,7,74.57,25,4,55.2,54.7,53,48.6,43.4,0.402,518052,5.217932577,34.6,5,0,0,0,1,0,1.330
Minnesota,2016,0.45,69.33741992,8.7,12,5519952,79610,242.6,1.8,1.5,42.5,31.4,67.5,130.7,5,0.0905804978,1,6.01,13.5,44.52,0,0,8944.333333,162.0364332,39,44,41.5,5.37,4.90,39,46,2.75,1,92.27,33.17,1443705,26154.30352,1.5,7,73.27,19,6,52.9,61.6,52.5,43.4,38.5,0.392,171010,3.098034186,36.2,5,0,0,0,1,0,0.877
Mississippi,2016,0.483,63.71599122,21.1,50,2988726,46907,280.5,8,9.44,42.7,30.3,80.2,149.6,6,0.2007544352,1,8.97,12.81,70.02,1,0.03345907253,2614,87.46201559,24,1,12.5,37.30,2.80,44,42,2.236666667,35,81.90,20.40,340995,11409.37644,1.27,7,49.35,41,7,56.8,63.3,59.7,52,46.2,0.456,327110,10.94479721,47.9,9,1,1,0,0,0,1.080
Missouri,2016,0.465,88.45048341,13,48,6093000,68886,519.4,8.8,7.62,41.9,30.9,107.8,360.8,10,0.1641227638,1,10.67,18.6,57.37,1,0.01641227638,14401.66667,236.3641337,29,6,17.5,11.50,3.80,41,42,2.453333333,30,88.00,26.67,1751259,28742.14673,1.29,8,70.44,36,6,62.9,59.3,60.8,48.3,45.7,0.415,592992,9.732348597,42.9,6,0,0,0,1,0,1.273
Montana,2016,0.467,7.162526108,11.7,38,1042520,145552,368.3,3.5,1.73,55.4,39.7,25.5,283.9,0,0,0,15.54,25.61,60.68,0,0,1657.333333,158.9737687,23,7,15,0.47,3.20,49,30,3.076666667,34,92.43,29.10,846534,81200.74435,4.89,10,55.89,28,7,33.1,52.3,56.1,43,55,0.357,69488,6.665387714,45.2,1,1,0,0,0,1,0.850
Nebraska,2016,0.448,24.80898116,9.6,20,1907116,76872,291,2.6,2.36,52.1,38.7,49.6,186.7,0,0,0,6.08,12.9,47.13,0,0,3621,189.8678423,34,18,26,4.67,9.70,47,36,2.29,20,90.57,28.93,335101,17571.08639,1.87,8,73.13,25,7,60,62.9,64.3,41.6,34.3,0.399,74139,3.887492947,41.7,6,0,0,0,1,0,0.813
Nevada,2016,0.458,26.7701455,10.1,18,2940058,109826,678.1,7.6,5.07,58.9,43.9,215.6,395.9,3,0.1020388033,1,11.36,22.11,51.38,0,0,5719.666667,194.5426473,22,43,32.5,8.30,27.20,37,46,3.326666667,49,84.87,22.63,121417,4129.748461,2.41,8,94.2,20,1,46.4,31.8,55.8,44,61.3,0.404,107699,3.663159026,35.7,2,1,0,0,0,1,2.073
New Hampshire,2016,0.43,148.8397636,6.4,23,1334795,8968,197.6,1.3,0.3,43.6,31.7,32,120.7,0,0,0,9.21,18.28,50.38,0,0,2609,195.4607262,5,3,4,1.23,3.07,35,46,4.65,11,92.03,34.33,188003,14084.78455,0.76,9,60.3,13,1,40.2,53.5,38,61.8,48.7,0.396,65400,4.899628782,36.9,1,0,0,1,0,0,0.647
New Jersey,2016,0.481,1205.941621,9.4,3,8944469,7417,245,4.2,3.32,16.2,12.2,100.4,124.2,9,0.1006208418,1,1.97,7.68,25.65,0,0,28133.33333,314.533298,46,41,43.5,13.53,18.60,30,51,2.36,6,88.37,36.33,286986,3208.530322,0.14,5,94.68,13,1,59.9,44.6,40.8,56.4,57.6,0.437,302160,3.378177061,29.6,4,0,0,1,0,0,0.957
New Mexico,2016,0.477,17.14801905,17.8,29,2081015,121356,702.5,6.7,5.43,73.3,53.7,131.5,491,4,0.1922138956,1,11.68,22.63,51.61,2,0.09610694781,1557,74.81925887,28,13,20.5,2.03,47.03,37,48,2.34,36,83.93,26.07,212572,10214.82306,1.5,8,77.43,23,4,32.4,45.4,58.5,51.6,62,0.341,80953,3.890072873,37.1,1,1,0,0,0,1,1.743
New York,2016,0.513,418.2083492,11.9,5,19745289,47214,376.2,3.2,1.98,31.7,23.1,113,228.3,15,0.07596748774,1,2.48,8.5,29.18,1,0.005064499183,59239.66667,300.0192434,42,47,44.5,15.60,18.17,28,53,2.19,10,85.40,33.70,1023639,5184.218879,0.39,5,87.87,10,1,47,29.8,37.7,62.7,64.5,0.411,783452,3.967792014,29.3,4,0,0,1,0,0,0.703
North Carolina,2016,0.478,208.3058857,13.6,23,10146788,48711,372.2,6.7,5.5,28.1,20.6,92,245.5,9,0.08869801951,1,7.77,13.53,57.43,1,0.009855335501,23671,233.2856466,33,24,28.5,21.47,8.67,41,43,2.063333333,27,85.37,27.83,336394,3315.275731,1.03,8,66.09,35,6,51,63.6,68.4,44.8,49.6,0.425,1123757,11.07500226,40,6,1,1,0,0,0,1.040
North Dakota,2016,0.453,10.98863373,11.1,29,757952,68976,251.1,2,1.32,45.1,33.8,23.9,180.1,0,0,0,9.9,18.47,53.60,1,0.1319344761,1587.333333,209.4239917,12,10,11,1.47,2.60,50,33,3.346666667,7,91.30,27.40,396428,52302.52048,1.57,8,59.9,22,8,52.4,52.4,51.4,49.6,21.8,0.391,21438,2.828411298,42.9,1,0,0,0,1,0,0.557
Ohio,2016,0.468,283.6371251,13.7,21,11614373,40948,300.3,5.6,4.8,48.1,35.7,107.8,138.7,11,0.09471023533,1,7.97,14.7,54.22,2,0.01722004279,12006.33333,103.3747869,30,27,28.5,12.17,3.30,42,40,2.033333333,24,88.80,25.63,995674,8572.774441,0.75,7,77.92,29,5,54.6,45.9,46.5,58.5,46,0.421,924887,7.963296856,37.9,6,0,0,0,1,0,0.883
Oklahoma,2016,0.465,57.13896049,14.6,27,3923561,68667,449.8,6.2,6.07,52,38.5,80.6,311,1,0.02548705118,1,13.18,20.95,62.91,0,0,7418.333333,189.0714413,27,24,25.5,7.23,9.37,45,40,1.91,26,86.67,23.80,293678,7484.986215,1.44,9,66.24,47,6,39.7,54.3,54.7,52.1,42.2,0.399,356894,9.096175642,45,7,1,1,0,0,0,1.653
Oregon,2016,0.458,42.64159297,11.8,15,4093465,95997,264.6,2.8,1.91,42,30.8,55.6,164.1,2,0.04885836327,1,10.11,18.86,53.61,1,0.02442918163,6284.333333,153.5211205,26,36,31,1.80,12.10,42,47,2.683333333,51,89.57,30.20,1207181,29490.44391,2.59,9,81.03,29,2,30.9,59.1,45.8,39.5,58.8,0.343,190195,4.646308201,33.6,2,1,0,0,0,1,0.900
Pennsylvania,2016,0.469,285.2539661,11.1,13,12784227,44817,316.4,5.2,4.21,34.7,25.3,96.4,180.1,10,0.07822138953,1,7.63,15.41,49.51,2,0.01564427791,25138,196.632929,20,36,28,10.93,6.13,39,46,2.333333333,14,88.97,28.07,2559162,20018.12077,1.15,7,78.66,19,3,54.6,42.8,52.4,61.4,49.6,0.417,597679,4.675128187,37.1,5,0,0,1,0,0,1.193
Rhode Island,2016,0.478,1010.933971,11.4,9,1056426,1045,238.9,2.7,1.23,41.8,31,51.1,143.2,0,0,0,3.31,11.93,27.75,0,0,2457.333333,232.6081839,48,35,41.5,6.37,13.27,30,48,2.49,48,85.60,31.53,7469,707.0064538,0.61,7,90.73,14,1,43.3,35.2,48.5,61.9,59.4,0.404,24703,2.338355928,33.8,1,0,0,1,0,0,0.920
South Carolina,2016,0.474,164.7664895,14.1,29,4961119,30110,501.8,7.4,6.75,48.1,34.5,81.3,365,5,0.1007837143,1,10.58,16.43,64.39,1,0.02015674286,10847.66667,218.6536277,25,24,24.5,27.60,5.27,43,39,2.28,38,85.03,25.40,376666,7592.359708,0.73,9,66.33,35,6,60,55.4,69.6,45.7,55.3,0.454,580148,11.69389406,45.1,7,1,1,0,0,0,1.960
South Dakota,2016,0.45,11.40480991,14.5,40,865454,75885,418.4,3.1,1.62,58.8,43.8,31.4,325,0,0,0,9.71,18.83,51.57,0,0,1566.333333,180.9840076,6,9,7.5,1.50,3.17,53,37,2.776666667,5,90.67,26.63,281236,32495.77678,2.74,9,56.65,25,8,58.7,56.7,55.8,36.1,41.9,0.382,29936,3.458993777,42.7,1,0,0,0,1,0,1.023
Tennessee,2016,0.479,161.3701628,14.9,27,6651194,41217,632.9,7.3,6.53,40.8,29.9,117.5,467.3,12,0.1804187338,1,10.15,16.7,60.78,2,0.03006978897,16660.66667,250.4913654,10,39,24.5,16.80,4.80,48,36,2.023333333,40,84.93,24.37,744567,11194.48628,1.36,8,66.39,52,7,51.3,66.6,62,49,50.1,0.421,1049247,15.77531794,44.9,7,1,1,0,0,0,1.777
Texas,2016,0.48,106.4282478,13.8,34,27862596,261797,434.4,5.3,4.39,48,35.4,119.6,261.6,31,0.1112602717,1,7.24,12.52,57.83,7,0.02512328715,43340.66667,155.5514306,31,27,29,11.87,38.17,39,40,2.253333333,33,81.57,27.13,1537950,5519.765638,1.08,6,84.7,31,6,55.2,52.3,54.4,44.3,52.7,0.416,1344394,4.825085215,40.5,6,1,1,0,0,0,1.453
Utah,2016,0.426,37.14473364,8.6,29,3051217,82144,242.8,2.4,1.57,49.8,36.6,50.5,140.1,0,0,0,10.13,20.32,49.85,1,0.03277380796,4326.666667,141.8013424,21,33,27,1.10,13.27,54,30,1.37,46,91.03,30.67,348648,11426.5226,0.43,5,90.58,7,6,55.8,69.4,54.5,30.4,47.7,0.365,166961,5.471947751,46.9,4,1,0,0,0,1,0.753
Vermont,2016,0.454,67.52367568,9.6,41,624594,9250,158.3,2.2,0.5866666667,28.5,19.9,17,110.6,0,0,0,11.05,18.89,58.50,0,0,1167,186.8413722,1,8,4.5,1.03,1.63,29,57,3.043333333,4,91.60,35.33,162806,26065.8924,0.51,8,38.9,11,4,26.5,60,38.2,55.8,54.2,0.384,45848,7.340448355,26.8,1,0,0,1,0,0,0.943
Virginia,2016,0.471,212.4515836,11.4,21,8411808,39594,217.6,5.8,4.2,32.5,23.4,57.1,122.2,11,0.1307685577,1,7.98,13.86,57.58,2,0.0237761014,18794.33333,223.4279876,11,32,21.5,19.30,8.37,43,39,2.11,42,87.90,35.77,799238,9501.381867,0.93,10,75.45,30,6,48.5,47.4,45.3,44.7,57.1,0.417,863822,10.26915973,37,5,1,1,0,0,0,1.207
Washington,2016,0.459,109.3571814,11,10,7288000,66644,302.2,2.7,2,42.2,31,77.5,179.7,8,0.1097694841,1,7.07,15.66,45.15,1,0.01372118551,10331,141.7535675,19,36,27.5,3.60,11.73,33,44,2.25,47,90.20,32.37,664818,9122.091109,0.74,9,84.05,25,4,30.6,55.8,45,36.9,56.6,0.365,305537,4.192329857,34.3,4,1,0,0,0,1,0.910
West Virginia,2016,0.471,76.0487582,18,34,1831102,24078,358.1,4.4,4.26,35.9,25.6,39.3,278.5,1,0.05461192222,1,13,19.77,65.76,0,0,3670,200.4257545,14,29,21.5,3.23,1.33,43,41,1.763333333,39,84.43,18.73,574973,31400.38075,2.48,9,48.72,39,2,38.5,51.8,42.6,79.2,36.8,0.414,233814,12.76903198,41.6,5,1,1,0,0,0,1.140
Wisconsin,2016,0.45,106.4022832,10.7,19,5778708,54310,305.9,4,3.25,34.2,25.2,81.4,186.3,2,0.03460981244,1,7.87,14.99,52.50,1,0.01730490622,12684,219.4954305,35,35,35,6.23,6.20,42,42,2.98,37,90.73,27.33,2789770,48276.70822,1.88,7,70.15,22,6,69.8,57.8,47.6,48.6,35.7,0.395,191028,3.305721625,39.4,4,0,0,0,1,0,0.967
Wyoming,2016,0.436,6.029876416,10.9,45,585501,97100,244.2,3.4,1.88,35,25.6,10.1,195.7,0,0,0,14.86,24.59,60.43,0,0,1407,240.3070191,2,1,1.5,1.00,9.40,57,25,2.706666667,29,92.33,25.17,169575,28962.37581,5.62,9,64.76,27,6,46,40.7,42.4,46.1,42.4,0.348,47854,8.173171352,51.4,1,1,0,0,0,1,0.700
Alabama,2015,0.481,95.65416601,16.3,36,4853875,50744,473,7.2,8.05,42,29.9,95,328.8,4,0.08240838505,1,10.87,15.44,70.40,0,0,8801,181.3190492,9,16,12.5,26.4,4,52,35,2,39,84.3,23.5,563503,11609.34305,0.78,9,59.04,49,7,55.5,52.7,55.5,48.7,42.7,0.439,674196,13.88985089,44.7,8,1,1,0,0,0,1.144
Alaska,2015,0.432,1.28981154,9.2,46,737709,571951,730.8,8,5.69,122,87.8,103.2,497.6,0,0,0,16.66,27.22,61.20,0,0,1285,174.187925,4,5,4.5,3.4,6.5,39,32,2.84,31,92.1,28,271067,36744.43446,0.33,10,66.02,22,5,50,50,50,50,50,0.382,27706,3.755681441,43.1,1,0,0,0,0,1,2.86
Arizona,2015,0.47,59.99529194,17.2,47,6817565,113635,410.2,4.5,3.46,45.6,33.3,93.3,266.9,6,0.08800796179,1,10.35,18.69,55.38,1,0.01466799363,12807,187.8529944,3,13,8,4.2,30.3,40,39,2.34,51,86,27.5,386069,5662.857633,1.2,8,89.81,26,5,50.6,46.6,58.4,38.1,54.7,0.398,319017,4.679339324,36,5,1,0,0,0,1,1.22
Arkansas,2015,0.477,57.19161481,16.1,37,2977853,52068,529.5,6.3,5.2,67.4,47.9,71.1,384.7,2,0.0671624825,1,11.48,19.37,59.27,1,0.03358124125,5860,196.7860737,32,22,27,15.5,6.9,46,38,1.83,43,84.8,21.1,380399,12774.27059,1.42,8,56.16,46,7,49.9,52.7,41,56.2,40.3,0.411,320628,10.76708622,45.2,7,1,1,0,0,0,1.78
California,2015,0.488,250.026866,13.9,1,38993940,155959,428,4.8,3.57,32.9,24,135.6,254.8,27,0.0692415283,1,3.98,10.65,37.37,4,0.01025800419,77402,198.4975101,49,46,47.5,5.9,38.4,30,49,2.27,29,81.8,31.4,830070,2128.715385,0.37,5,94.95,20,1,51.4,49,43.2,39.1,65,0.392,941696,2.414980379,30.8,3,1,0,0,0,1,1.03
Colorado,2015,0.458,52.5349409,9.9,16,5448819,103718,318.4,3.2,2.51,61.1,44.4,60.8,193.3,3,0.05505780243,1,9.91,20.03,49.48,1,0.01835260081,11835,217.2030306,13,29,21,4,21.1,41,42,2.77,28,90.7,38.1,425043,7800.644507,1.64,8,86.15,26,4,45.3,47.5,58.8,34.3,57.9,0.358,241752,4.436777951,36.9,4,1,0,0,0,1,1.11
Connecticut,2015,0.492,739.8823529,9.1,3,3584730,4845,221.4,3.2,2.23,22.3,16.3,81.6,114.3,2,0.0557922075,1,2.9,10.69,27.13,0,0,7918,220.8813495,43,45,44,10.3,14.7,32,50,2.41,11,89.9,37.6,124281,3466.95567,0.37,6,87.99,13,1,57.6,38.6,34.2,53.4,53.9,0.416,104980,2.928532972,27.4,4,0,0,1,0,0,0.82
Delaware,2015,0.452,483.1504606,11.1,10,944076,1954,504.2,6.6,5.6,38.2,27.2,131.3,328,1,0.1059236756,1,5.81,12.9,45.04,0,0,2239,237.1631097,41,39,40,21.6,8.7,29,55,3.68,5,88.4,30,50036,5299.997034,0.81,9,83.3,15,1,47,38.8,36.5,62.4,42.7,0.445,39346,4.167672942,32.3,1,1,0,1,0,0,1.23
Florida,2015,0.487,375.413318,16.2,28,20244914,53927,462.5,5.1,4.34,37.3,26.7,104.4,315.6,25,0.1234878054,1,8.04,15.81,50.85,1,0.004939512215,36287,179.2400798,38,16,27,16.1,23.7,37,44,2.6,26,86.9,27.3,364629,1801.0894,1.19,8,91.16,24,2,60.9,50.7,62.7,40.8,61,0.438,1462965,7.226333488,36.8,6,1,1,0,0,0,1.144
Georgia,2015,0.48,176.1371533,18.1,28,10199398,57906,381.3,6.1,5.72,31.9,23,123,220.3,20,0.1960900045,1,8.06,12.89,62.53,1,0.009804500226,19690,193.0506095,7,10,8.5,30.9,9.1,41,41,1.95,32,85.4,28.8,913539,8956.793332,1.17,8,75.07,38,6,63.2,60,68.8,38,56.9,0.437,1074799,10.53786704,41.8,7,1,1,0,0,0,1.38
Hawaii,2015,0.435,221.8833878,10.9,7,1425157,6423,247.7,2,0,37.8,26.8,76.1,131.8,0,0,0,3.07,14.04,21.87,0,0,2939,206.2228933,50,50,50,2,9.9,28,51,2.59,13,91,30.8,10951,768.4065685,0,9,91.93,25,1,50,50,50,50,50,0.369,13753,0.9650164859,27.2,1,0,0,0,0,1,0.99
Idaho,2015,0.453,19.97447642,12.3,44,1652828,82747,217.4,1.9,1.33,42.5,30.7,11.6,161.4,0,0,0,12.99,21.69,59.89,1,0.06050236322,2766,167.3495367,18,3,10.5,0.6,11.8,49,32,2.86,42,89.5,25.9,918388,55564.64436,1.62,8,70.58,21,6,40.7,52.9,44.5,44.2,44.7,0.356,150580,9.110445854,47.5,1,1,0,0,0,1,0.85
Illinois,2015,0.482,230.9845819,10.9,8,12839047,55584,387.5,5.9,5.38,38.4,28.1,117.3,226,25,0.1947185021,1,3.85,10.6,36.32,1,0.007788740083,13295,103.5512994,45,49,47,14.3,16.5,33,48,2.36,16,87.9,32.3,1310395,10206.32606,0.85,6,88.49,20,2,62.5,48.3,50.9,51.2,55.2,0.415,596639,4.647066095,32.4,4,0,0,0,1,0,0.34
Indiana,2015,0.452,184.3691416,13.5,23,6612768,35867,383.7,5.6,4.44,36.1,26.6,107.1,234.9,10,0.1512226045,1,7.81,14.5,53.86,0,0,8169,123.5337456,17,21,19,9.2,6.4,42,37,2.13,34,87.8,24.1,402951,6093.529971,1.37,7,72.44,31,6,48.9,50.2,56.2,59.3,44.9,0.409,704473,10.65322419,41.1,6,0,0,0,1,0,1.01
Iowa,2015,0.439,55.88066728,10.4,17,3121997,55869,276.1,2.3,1.5,38.6,28.1,33.6,201.5,2,0.0640615606,1,6.18,13.86,44.59,0,0,5183,166.0155343,40,20,30,3.2,5.4,41,40,2.39,12,91.5,26.7,766883,24563.86089,2.34,8,64.02,28,7,62.8,56.6,52.2,49.1,33.7,0.392,185253,5.933798143,40.1,5,0,0,0,1,0,1.02
Kansas,2015,0.46,35.52797164,14.2,50,2906721,81815,395,4.3,3.26,57.9,42.2,62.7,270.1,1,0.03440302664,1,7.69,16.38,46.95,0,0,5864,201.7393482,15,12,13.5,5.8,11.2,46,31,1.9,19,90.2,31,359445,12365.99591,1.4,8,74.2,31,7,45.5,48.9,50.8,49,40.1,0.397,217907,7.496660326,41.7,6,0,0,0,1,0,1.65
Kentucky,2015,0.478,111.3726087,19.5,43,4424611,39728,223.5,4.9,3.93,37.2,26.3,74.9,106.5,4,0.09040342756,1,11.28,17.54,64.31,2,0.04520171378,6321,142.8600164,8,15,11.5,7.9,3.3,44,43,1.97,27,84.2,22.3,504097,11393.02416,0.92,8,58.38,49,7,53.4,48.1,51.3,62.5,43,0.408,890180,20.11883079,40.9,7,1,1,0,0,0,1.6
Louisiana,2015,0.491,107.179652,18.6,44,4668960,43562,539.8,10.5,9.76,37.1,26.7,119.1,373,14,0.2998526438,1,10.02,15.46,64.81,6,0.1285082759,9118,195.2897433,37,22,29.5,32.1,4.7,41,43,2.59,47,83.4,22.5,611406,13095.12183,1.03,7,73.19,27,4,52.2,49.7,45,60.4,53.7,0.449,437042,9.360585655,44.1,6,1,1,0,0,0,2.22
Maine,2015,0.452,43.07734431,12.3,35,1329453,30862,129.8,1.7,1.05,34.7,25.3,23.4,70,0,0,0,9.63,17.68,54.47,0,0,2280,171.4991053,16,18,17,1.1,1.5,36,47,2.77,3,91.6,29,219149,16484.14799,0.8,10,38.66,14,3,44.2,32.8,24,71,50.8,0.374,102182,7.686018235,32.6,1,0,0,1,0,0,0.44
Maryland,2015,0.452,613.3602415,9.6,4,5994983,9774,470.1,9,7.41,28.6,20.2,168.7,263.9,13,0.2168479877,1,4.06,9.21,44.08,0,0,17379,289.8923984,44,41,42.5,29.5,9,31,55,2.14,7,89.4,37.9,282522,4712.640553,0.7,7,87.2,18,2,35.2,37.3,37.5,49.4,56.6,0.413,259963,4.336342572,31.8,5,1,1,0,0,0,1
Massachusetts,2015,0.485,865.3367347,11.5,5,6784240,7840,389.9,1.9,1.27,30.7,22.7,77.6,279.7,5,0.07370022287,1,1.74,9.45,18.41,0,0,17033,251.0671792,47,48,47.5,7.1,10.6,27,56,2.52,1,89.8,40.5,233037,3434.975767,0.28,6,91.97,9,1,44.4,40.7,32.2,63.8,59.6,0.396,236898,3.491887079,27.4,4,0,0,1,0,0,0.63
Michigan,2015,0.467,174.595363,12.8,15,9917715,56804,420.6,5.9,4.39,67.7,48.2,78.8,268.2,11,0.1109126447,1,6.97,14.21,49.05,0,0,16996,171.370119,36,29,32.5,14,4.7,34,47,2.24,41,89.6,26.9,1860075,18755.07614,0.98,7,74.57,25,4,55.2,54.7,53,48.6,43.4,0.402,518052,5.223501583,34.6,5,0,0,0,1,0,1.21
Minnesota,2015,0.449,68.86616003,7.8,12,5482435,79610,242.9,2.4,1.68,42.3,30.6,68.8,129.4,5,0.09120035167,1,5.54,13.3,41.65,1,0.01824007033,9211,168.0092878,39,44,41.5,5.5,5,39,46,2.73,6,92.4,33.7,1530603,27918.30637,1.5,7,73.27,19,6,52.9,61.6,52.5,43.4,38.5,0.392,171010,3.119234428,36.2,5,0,0,0,1,0,0.91
Mississippi,2015,0.476,63.73014689,19.1,49,2989390,46907,274,8.5,8.82,38.7,28.5,77.3,149.4,2,0.06690328127,1,9.76,14.4,67.78,2,0.06690328127,2415,80.78571214,24,1,12.5,37.4,2.9,44,42,2.24,50,82.3,20.7,362467,12125.11583,1.27,7,49.35,41,7,56.8,63.3,59.7,52,46.2,0.456,327110,10.94236617,47.9,9,1,1,0,0,0,1.23
Missouri,2015,0.463,88.20666028,9.8,41,6076204,68886,498.5,8.3,7.54,42.3,30.6,105,342.9,12,0.1974917235,1,9.94,17.29,57.49,0,0,14347,236.117813,29,6,17.5,11.5,3.9,41,42,2.52,22,88.4,27.1,1757411,28922.84393,1.29,8,70.44,36,6,62.9,59.3,60.8,48.3,45.7,0.415,592992,9.759251006,42.9,6,0,0,0,1,0,1.52
Montana,2015,0.462,7.090751072,11.9,37,1032073,145552,353.4,3.7,1.94,55.4,39.2,20.3,273.9,1,0.09689237099,1,16.84,26.33,63.96,0,0,1853,179.5415634,23,7,15,0.5,3.3,49,30,3.08,44,92.8,29.5,828067,80233.37496,4.89,10,55.89,28,7,33.1,52.3,56.1,43,55,0.357,69488,6.732857075,45.2,1,1,0,0,0,1,1.17
Nebraska,2015,0.447,24.63530284,10.3,21,1893765,76872,272.8,3.3,2.64,46.7,34.2,52.5,170.3,3,0.1584145868,1,6.01,11.76,51.11,1,0.05280486227,3722,196.5396974,34,18,26,4.7,10,47,36,2.27,10,90.7,29.3,343022,18113.22947,1.87,8,73.13,25,7,60,62.9,64.3,41.6,34.3,0.399,74139,3.914899684,41.7,6,0,0,0,1,0,0.53
Nevada,2015,0.455,26.25751644,13,27,2883758,109826,697.6,6.2,4.43,58.5,42.7,218,414.9,1,0.03467697359,1,10.14,19.3,52.54,1,0.03467697359,6299,218.4302566,22,43,32.5,8.4,27.5,37,46,3.32,49,85.1,23,118502,4109.290724,2.41,8,94.2,20,1,46.4,31.8,55.8,44,61.3,0.404,107699,3.734675378,35.7,2,1,0,0,0,1,2.29
New Hampshire,2015,0.435,148.3174621,7.3,22,1330111,8968,202.4,1.1,0.9,48.4,35.2,35.7,117.1,0,0,0,8.04,17.14,46.91,0,0,2632,197.8782222,5,3,4,1.3,3.2,35,46,4.72,23,92.3,34.9,182143,13693.81954,0.76,9,60.3,13,1,40.2,53.5,38,61.8,48.7,0.396,65400,4.916882877,36.9,1,0,0,1,0,0,0.3
New Jersey,2015,0.483,1204.72172,11.2,3,8935421,7417,256,4.1,3.05,15.4,11.4,108.9,127.7,9,0.1007227304,1,2.11,8.81,23.95,0,0,30272,338.7864993,46,41,43.5,13.5,19,30,51,2.35,8,88.6,36.8,275473,3082.932522,0.14,5,94.68,13,1,59.9,44.6,40.8,56.4,57.6,0.437,302160,3.3815978,29.6,4,0,0,1,0,0,0.89
New Mexico,2015,0.48,17.14235802,19.7,33,2080328,121356,657.2,5.6,4.36,79.9,58.5,119.5,452.2,2,0.09613868582,1,13.19,23.98,55.00,2,0.09613868582,977,46.96374802,28,13,20.5,2.1,47.4,37,48,2.25,46,84.2,26.3,218338,10495.36419,1.5,8,77.43,23,4,32.4,45.4,58.5,51.6,62,0.341,80953,3.891357517,37.1,1,1,0,0,0,1,1.52
New York,2015,0.514,418.2484644,14.2,6,19747183,47214,380.4,3.1,2.06,31.1,22.4,120.9,225.3,21,0.1063442821,1,2.13,8.35,25.51,2,0.01012802687,60821,307.9983611,42,47,44.5,15.6,18.4,28,53,2.17,17,85.6,34.2,1073132,5434.354865,0.39,5,87.87,10,1,47,29.8,37.7,62.7,64.5,0.411,783452,3.967411453,29.3,4,0,0,1,0,0,0.65
North Carolina,2015,0.478,206.0147811,15.3,25,10035186,48711,346.1,5.2,4.36,25.8,18.8,87.9,227.3,12,0.1195792485,1,7.84,14,56.00,0,0,23775,236.916386,33,24,28.5,21.5,8.8,41,43,2.1,18,85.8,28.4,322552,3214.210479,1.03,8,66.09,35,6,51,63.6,68.4,44.8,49.6,0.425,1123757,11.19816813,40,6,1,1,0,0,0,0.97
North Dakota,2015,0.466,10.97243969,10.7,28,756835,68976,257.5,2.8,1.45,51.7,37.7,21,182.1,0,0,0,10.04,16.38,61.29,0,0,1698,224.3553747,12,10,11,1.6,2.9,50,33,3.25,4,91.7,27.7,394044,52064.71688,1.57,8,59.9,22,8,52.4,52.4,51.4,49.6,21.8,0.391,21438,2.832585702,42.9,1,0,0,0,1,0,0.82
Ohio,2015,0.464,283.410423,13.6,19,11605090,40948,296.2,4.5,4.17,46.9,34.4,108.7,136.1,14,0.1206367206,1,7.41,14.21,52.15,1,0.008616908615,13256,114.2257406,30,27,28.5,12.2,3.4,42,40,2.03,21,89.1,26.1,1047714,9028.055793,0.75,7,77.92,29,5,54.6,45.9,46.5,58.5,46,0.421,924887,7.969666758,37.9,6,0,0,0,1,0,0.96
Oklahoma,2015,0.47,56.90381115,14.2,25,3907414,68667,428.6,6.1,5.65,50,36.3,77.2,295.2,4,0.1023694955,1,11.97,20.2,59.26,1,0.02559237388,7517,192.3778745,27,24,25.5,7.2,9.6,45,40,1.89,45,86.9,24.1,294230,7530.044167,1.44,9,66.24,47,6,39.7,54.3,54.7,52.1,42.2,0.399,356894,9.133764684,45,7,1,1,0,0,0,1.37
Oregon,2015,0.462,41.92458098,11.9,14,4024634,95997,265.4,2.7,2.33,41,29.6,53.7,167.9,2,0.04969395975,1,9.26,18.91,48.97,0,0,6538,162.4495544,26,36,31,1.8,12.3,42,47,2.7,40,89.8,30.8,1243257,30891.18166,2.59,9,81.03,29,2,30.9,59.1,45.8,39.5,58.8,0.343,190195,4.725771337,33.6,2,1,0,0,0,1,0.69
Pennsylvania,2015,0.469,285.4252627,12.3,13,12791904,44817,315.4,5.2,4.08,33.6,24.3,101.4,175.3,15,0.117261668,1,7.28,14.79,49.22,2,0.01563488907,25525,199.5402717,20,36,28,11,6.4,39,46,2.33,14,89.2,28.6,2538755,19846.5764,1.15,7,78.66,19,3,54.6,42.8,52.4,61.4,49.6,0.417,597679,4.672322431,37.1,5,0,0,1,0,0,1.16
Rhode Island,2015,0.473,1010.150239,11.8,9,1055607,1045,243,2.9,0.95,44.2,32.4,51.8,144,1,0.09473222516,1,3.79,12.02,31.53,0,0,2441,231.2413616,48,35,41.5,6.5,13.6,30,48,2.52,24,86.2,31.9,29516,2796.116358,0.61,7,90.73,14,1,43.3,35.2,48.5,61.9,59.4,0.404,24703,2.340170158,33.8,1,0,0,1,0,0,1.47
South Carolina,2015,0.47,162.5650614,14.3,28,4894834,30110,499.5,8.3,7.35,49.8,35.1,80.7,360.6,11,0.2247267221,1,9.58,15.15,63.23,1,0.02042970201,11470,234.328682,25,24,24.5,27.5,5.3,43,39,2.25,33,85.6,25.8,363765,7431.610551,0.73,9,66.33,35,6,60,55.4,69.6,45.7,55.3,0.454,580148,11.85225076,45.1,7,1,1,0,0,0,1.83
South Dakota,2015,0.444,11.30551492,13.9,40,857919,75885,384.9,3.8,1.75,58.3,42.8,25.1,297.7,1,0.1165611206,1,8.5,20.15,42.18,0,0,1501,174.958242,6,9,7.5,1.6,3.3,53,37,2.79,9,90.9,27,264338,30811.53349,2.74,9,56.65,25,8,58.7,56.7,55.8,36.1,41.9,0.382,29936,3.489373705,42.7,1,0,0,0,1,0,0.94
Tennessee,2015,0.479,160.008152,14.7,32,6595056,41217,618.9,6.3,5.5,42.5,30.8,113.7,456.4,11,0.1667916087,1,9.67,16.18,59.77,1,0.01516287352,16613,251.9008178,10,39,24.5,16.8,4.9,48,36,2.06,25,85.5,24.9,717304,10876.38983,1.36,8,66.39,52,7,51.3,66.6,62,49,50.1,0.421,1049247,15.90959955,44.9,7,1,1,0,0,0,2.1
Texas,2015,0.482,104.7744588,14.7,33,27429639,261797,412.7,4.8,4.04,44.9,32.6,116.4,246.6,19,0.06926813729,1,7.26,12.39,58.60,2,0.007291382872,45451,165.7003215,31,27,29,11.9,38.4,39,40,2.28,36,81.9,27.6,1467901,5351.514105,1.08,6,84.7,31,6,55.2,52.3,54.4,44.3,52.7,0.416,1344394,4.901245693,40.5,6,1,1,0,0,0,1.54
Utah,2015,0.425,36.40718738,9.3,37,2990632,82144,238.7,1.9,1.37,57,41.7,44.4,135.4,0,0,0,10.45,21.03,49.69,0,0,4865,162.6746454,21,33,27,1.1,13.4,54,30,1.39,37,91.2,31.1,334205,11175.06266,0.43,5,90.58,7,6,55.8,69.4,54.5,30.4,47.7,0.365,166961,5.58279989,46.9,4,1,0,0,0,1,0.54
Vermont,2015,0.445,67.68518919,10.7,41,626088,9250,119.3,1.6,1.76,24,16.6,16.8,77,1,0.159721956,1,9.42,16.45,57.26,0,0,1149,183.5205275,1,8,4.5,1.1,1.7,29,57,3.08,2,91.8,36,165923,26501.54611,0.51,8,38.9,11,4,26.5,60,38.2,55.8,54.2,0.384,45848,7.32293224,26.8,1,0,0,1,0,0,0.31
Virginia,2015,0.468,211.3347224,10.9,20,8367587,39594,199.6,4.7,3.29,29.9,21.1,53.3,111.8,5,0.05975438319,1,7.52,13.34,56.37,0,0,18769,224.3060036,11,32,21.5,19.2,8.6,43,39,2.12,20,88.3,36.3,786778,9402.68682,0.93,10,75.45,30,6,48.5,47.4,45.3,44.7,57.1,0.417,863822,10.32343016,37,5,1,1,0,0,0,1.27
Washington,2015,0.456,107.4408799,11.4,11,7160290,66644,286.4,3,2.26,38.8,28,76.1,168.4,1,0.01396591479,1,7.49,15.86,47.23,0,0,10341,144.4215248,19,36,27.5,3.6,12,33,44,2.26,48,90.4,32.9,667044,9315.879664,0.74,9,84.05,25,4,30.6,55.8,45,36.9,56.6,0.365,305537,4.267103707,34.3,4,1,0,0,0,1,1
West Virginia,2015,0.458,76.46204004,14.5,24,1841053,24078,347.5,4.6,2.71,38.6,26.8,42.5,261.8,0,0,0,11.66,18.44,63.23,0,0,3806,206.7295184,14,29,21.5,3.3,1.4,43,41,1.71,35,85,19.2,565393,30710.30546,2.48,9,48.72,39,2,38.5,51.8,42.6,79.2,36.8,0.414,233814,12.70001461,41.6,5,1,1,0,0,0,1.39
Wisconsin,2015,0.441,106.2031118,11.4,18,5767891,54310,304.3,4.2,3.03,31.3,23,90.7,178.1,3,0.05201207859,1,7.35,15.2,48.36,1,0.01733735953,12772,221.4327559,35,35,35,6.3,6.3,42,42,2.98,15,91,27.8,2817491,48847.85444,1.88,7,70.15,22,6,69.8,57.8,47.6,48.6,35.7,0.395,191028,3.311921116,39.4,4,0,0,0,1,0,0.83
Wyoming,2015,0.437,6.040731205,9.8,48,586555,97100,221.6,2.7,2.22,29.2,21.1,10.1,179.7,0,0,0,16.21,26.79,60.51,0,0,1294,220.610173,2,1,1.5,1.1,9.6,57,25,2.74,38,92.3,25.7,173676,29609.49954,5.62,9,64.76,27,6,46,40.7,42.4,46.1,42.4,0.348,47854,8.158484712,51.4,1,1,0,0,0,1,0.35
Alabama,2014,0.476,95.56552499,17.8,37,4849377,50744,427.4,5.7,6.03,41.3,29.6,96.9,283.4,2,0.04124241114,1,9.88,14.75,66.98,0,0,7698,158.7420405,9,16,12.5,26.4,4,52,35,1.99,46,83.7,23.1,562156,11592.33444,0.78,9,59.04,49,7,55.5,52.7,55.5,48.7,42.7,0.439,674196,13.90273431,44.7,8,1,1,0,0,0,1.13
Alaska,2014,0.418,1.288103352,11.9,44,736732,571951,635.8,5.6,2.85,104.7,75.3,85.4,440.2,1,0.1357345683,1,15.6,22.66,68.84,2,0.2714691367,1258,170.754087,4,5,4.5,3.5,6.2,39,32,2.79,13,91.8,27.7,249453,33859.39528,0.33,10,66.02,22,5,50,50,50,50,50,0.382,27706,3.76066195,43.1,1,0,0,0,0,1,3.15
Arizona,2014,0.468,59.23777005,21.2,48,6731484,113635,399.9,4.7,3.15,50.2,36.6,92.8,252.1,1,0.01485556528,1,10.15,18.49,54.89,3,0.04456669584,12663,188.1160232,3,13,8,4.2,30.1,40,39,2.37,50,85.9,27.1,376754,5596.893642,1.2,8,89.81,26,5,50.6,46.6,58.4,38.1,54.7,0.398,319017,4.739177869,36,5,1,0,0,0,1,1.33
Arkansas,2014,0.471,56.97105708,18.4,32,2966369,52068,480.1,5.6,5.43,59.4,39.8,69.1,346,2,0.06742249531,1,10.89,17.36,62.73,0,0,5917,199.4694524,32,22,27,15.5,6.7,46,38,1.79,47,84.3,20.6,382307,12888.04596,1.42,8,56.16,46,7,49.9,52.7,41,56.2,40.3,0.411,320628,10.80876991,45.2,7,1,1,0,0,0,1.39
California,2014,0.489,248.7993639,15.8,1,38802500,155959,396.1,4.4,3.18,29.7,21.6,125.5,236.6,45,0.115971909,1,4.08,10.86,37.57,4,0.01030861414,77190,198.9304813,49,46,47.5,5.9,38.2,30,49,2.32,23,81.5,31,830070,2139.217834,0.37,5,94.95,20,1,51.4,49,43.2,39.1,65,0.392,941696,2.426895174,30.8,3,1,0,0,0,1,0.91
Colorado,2014,0.458,51.63873195,12.3,16,5355866,103718,309.1,2.8,1.9,56.7,39.6,56.7,192.8,2,0.03734223373,1,10.06,20.22,49.75,0,0,10478,195.6359625,13,29,21,4,20.9,41,42,2.76,25,90.4,37.5,421341,7866.907051,1.64,8,86.15,26,4,45.3,47.5,58.8,34.3,57.9,0.358,241752,4.513779844,36.9,4,1,0,0,0,1,0.94
Connecticut,2014,0.501,742.348194,8.6,2,3596677,4845,236.9,2.4,1.61,21.7,15.9,87.8,125,1,0.0278034419,1,3.48,10.54,33.02,0,0,8634,240.0549174,43,45,44,10.2,14.3,32,50,2.36,1,89.5,37,114274,3177.21052,0.37,6,87.99,13,1,57.6,38.6,34.2,53.4,53.9,0.416,104980,2.918805331,27.4,4,0,0,1,0,0,1.03
Delaware,2014,0.449,478.8198567,11,10,935614,1954,489.1,5.8,4.06,41.3,26.6,135.6,306.4,0,0,0,6.3,13.46,46.81,0,0,2194,234.4984149,41,39,40,21.6,8.6,29,55,3.59,11,88,29.4,24965,2668.301244,0.81,9,83.3,15,1,47,38.8,36.5,62.4,42.7,0.445,39346,4.205366743,32.3,1,1,0,1,0,0,1.04
Florida,2014,0.483,368.8930777,16.7,32,19893297,53927,540.5,5.8,4.11,43,30.4,125.2,366.4,16,0.08042910132,1,7.73,15.25,50.69,4,0.02010727533,36054,181.2369262,38,16,27,16.1,23.3,37,44,2.59,28,86.5,26.8,341341,1715.859367,1.19,8,91.16,24,2,60.9,50.7,62.7,40.8,61,0.438,1462965,7.354060013,36.8,6,1,1,0,0,0,1.13
Georgia,2014,0.48,174.374728,16.8,27,10097343,57906,377.3,5.7,5.01,30.2,21.4,123,218.4,18,0.1782647178,1,8.33,12.83,64.93,2,0.01980719086,19881,196.8933808,7,10,8.5,30.9,9.1,41,41,1.96,34,85,28.3,885045,8765.127618,1.17,8,75.07,38,6,63.2,60,68.8,38,56.9,0.437,1074799,10.64437447,41.8,7,1,1,0,0,0,1.62
Hawaii,2014,0.433,221.0121439,10.8,7,1419561,6423,259.2,1.8,0,31.3,22.1,78,148.1,0,0,0,2.32,14.36,16.16,0,0,3006,211.7556061,50,50,50,1.9,9.6,28,51,2.58,16,90.7,30.5,7574,533.5452298,0,9,91.93,25,1,50,50,50,50,50,0.369,13753,0.9688206424,27.2,1,0,0,0,0,1,0.14
Idaho,2014,0.454,19.75254692,12.4,39,1634464,82747,212.2,2,1.28,37.3,28.6,12.5,160.5,0,0,0,11.13,19.57,56.87,0,0,2725,166.7213227,18,3,10.5,0.6,11.7,49,32,2.82,48,89.1,25.4,908404,55578.09777,1.62,8,70.58,21,6,40.7,52.9,44.5,44.2,44.7,0.356,150580,9.212806155,47.5,1,1,0,0,0,1,0.49
Illinois,2014,0.477,231.7317933,13.7,8,12880580,55584,370,5.3,4.77,32.3,23.9,118.8,213.7,26,0.2018542643,1,4.14,10.85,38.16,0,0,24358,189.1063912,45,49,47,14.4,16.3,33,48,2.32,15,87.6,31.9,1305206,10133.13065,0.85,6,88.49,20,2,62.5,48.3,50.9,51.2,55.2,0.415,596639,4.632081785,32.4,4,0,0,0,1,0,0.24
Indiana,2014,0.446,183.9254747,14.6,23,6596855,35867,365.3,5,3.93,33.1,24.5,104.5,222.6,8,0.1212699082,1,8,14.37,55.67,3,0.04547621556,8763,132.8360257,17,21,19,9.1,6.3,42,37,2.05,45,87.6,23.6,476545,7223.821048,1.37,7,72.44,31,6,48.9,50.2,56.2,59.3,44.9,0.409,704473,10.678922,41.1,6,0,0,0,1,0,1.25
Iowa,2014,0.443,55.61449104,10.3,15,3107126,55869,273.5,1.9,1.16,36.3,26.6,33.6,201.6,0,0,0,6.24,13.09,47.67,0,0,5003,161.0169655,40,20,30,3.1,5.3,41,40,2.34,7,91.3,26.4,786409,25309.85226,2.34,8,64.02,28,7,62.8,56.6,52.2,49.1,33.7,0.392,185253,5.962197864,40.1,5,0,0,0,1,0,0.83
Kansas,2014,0.46,35.49497036,12.1,41,2904021,81815,348.6,3.1,2.52,48.6,37,46.9,250,0,0,0,8.2,15.68,52.30,1,0.03443501269,6804,234.2958264,15,12,13.5,5.8,11,46,31,1.92,21,90,30.7,336451,11585.69446,1.4,8,74.2,31,7,45.5,48.9,50.8,49,40.1,0.397,217907,7.503630311,41.7,6,0,0,0,1,0,1.17
Kentucky,2014,0.47,111.0918496,20,47,4413457,39728,211.6,3.6,3.13,32.6,20,75.6,99.8,4,0.09063190148,1,10.65,16.5,64.55,0,0,7101,160.8942831,8,15,11.5,7.9,3.2,44,43,1.88,19,83.5,21.8,494854,11212.38974,0.92,8,58.38,49,7,53.4,48.1,51.3,62.5,43,0.408,890180,20.16967651,40.9,7,1,1,0,0,0,1.29
Louisiana,2014,0.49,106.7369726,23.1,50,4649676,43562,514.7,10.3,9.06,29.6,21.3,122.5,352.4,11,0.2365756238,1,9.55,14.61,65.37,1,0.02150687489,10037,215.8645032,37,22,29.5,32.1,4.6,41,43,2.58,42,82.8,22.1,600709,12919.37331,1.03,7,73.19,27,4,52.2,49.7,45,60.4,53.7,0.449,437042,9.399407615,44.1,6,1,1,0,0,0,2.15
Maine,2014,0.459,43.09795217,14.6,24,1330089,30862,127.8,1.6,0.75,36.5,27.1,22.9,66.9,1,0.07518293889,1,8.72,16.54,52.72,0,0,2285,171.7930154,16,18,17,1.1,1.4,36,47,2.71,10,91.3,28.4,213336,16039.22745,0.8,10,38.66,14,3,44.2,32.8,24,71,50.8,0.374,102182,7.682343061,32.6,1,0,0,1,0,0,0.74
Maryland,2014,0.449,611.459689,9.8,4,5976407,9774,446.1,6.1,4.17,27.1,19.1,159.7,253.2,1,0.01673246149,1,4.64,10.14,45.76,0,0,15893,265.9290105,44,41,42.5,29.5,8.8,31,55,2.15,14,89,37.3,291913,4884.423032,0.7,7,87.2,18,2,35.2,37.3,37.5,49.4,56.6,0.413,259963,4.349820887,31.8,5,1,1,0,0,0,1.14
Massachusetts,2014,0.486,860.3836735,13.6,6,6745408,7840,391.4,2,1.33,32.3,24.1,89.5,267.6,4,0.05929960056,1,1.92,8.82,21.77,0,0,16644,246.7456379,47,48,47.5,7,10.2,27,56,2.55,2,89.5,40,237861,3526.265572,0.28,6,91.97,9,1,44.4,40.7,32.2,63.8,59.6,0.396,236898,3.511989193,27.4,4,0,0,1,0,0,0.37
Michigan,2014,0.46,174.4573798,14.8,14,9909877,56804,427.3,5.4,4.14,63.3,40.9,80.9,277.7,13,0.1311822538,1,6.77,13.65,49.60,0,0,17028,171.8285706,36,29,32.5,14,4.6,34,47,2.32,17,89.3,26.4,1870244,18872.52486,0.98,7,74.57,25,4,55.2,54.7,53,48.6,43.4,0.402,518052,5.227632997,34.6,5,0,0,0,1,0,1.33
Minnesota,2014,0.454,68.54883809,8.3,12,5457173,79610,229.1,1.6,1.08,36.7,26.6,67.6,123.3,1,0.01832450611,1,5.64,12.57,44.87,1,0.01832450611,8879,162.7032898,39,44,41.5,5.4,4.9,39,46,2.8,5,92.3,33.2,1487063,27249.69503,1.5,7,73.27,19,6,52.9,61.6,52.5,43.4,38.5,0.392,171010,3.13367379,36.2,5,0,0,0,1,0,0.91
Mississippi,2014,0.476,63.83011064,22.1,48,2994079,46907,278.5,8.6,8.65,35.3,25.5,81.2,153.4,4,0.1335970093,1,8.38,12.69,66.04,0,0,2524,84.29971287,24,1,12.5,37.3,2.8,44,42,2.23,44,81.9,20.4,251062,8385.283087,1.27,7,49.35,41,7,56.8,63.3,59.7,52,46.2,0.456,327110,10.92522943,47.9,9,1,1,0,0,0,1.23
Missouri,2014,0.463,88.02353163,10.4,44,6063589,68886,442.9,6.6,5.39,39.2,28.1,92.2,304.8,9,0.1484269465,1,9.7,16.77,57.84,1,0.01649188294,14458,238.4396436,29,6,17.5,11.5,3.8,41,42,2.4,31,88,26.7,1717559,28325.78197,1.29,8,70.44,36,6,62.9,59.3,60.8,48.3,45.7,0.415,592992,9.77955465,42.9,6,0,0,0,1,0,1.26
Montana,2014,0.454,7.032393921,12,39,1023579,145552,323.7,3.6,1.37,52.9,42,19.8,247.4,0,0,0,14.56,24.53,59.36,0,0,1435,140.1943573,23,7,15,0.5,3.2,49,30,3.08,39,92.4,29.1,832879,81369.29343,4.89,10,55.89,28,7,33.1,52.3,56.1,43,55,0.357,69488,6.788728569,45.2,1,1,0,0,0,1,0.79
Nebraska,2014,0.435,24.47579093,11.8,21,1881503,76872,280.4,2.9,2.07,45.8,33,55.4,176.2,0,0,0,7.06,13.33,52.96,0,0,3644,193.6749503,34,18,26,4.7,9.7,47,36,2.29,27,90.5,29,368167,19567.70731,1.87,8,73.13,25,7,60,62.9,64.3,41.6,34.3,0.399,74139,3.940413595,41.7,6,0,0,0,1,0,1.27
Nevada,2014,0.443,25.8508823,17,29,2839099,109826,635.6,6,3.73,47.8,35,209.7,372.1,4,0.1408897682,1,10.89,20.19,53.94,2,0.0704448841,5501,193.7586537,22,43,32.5,8.3,27.2,37,46,3.36,51,84.9,22.5,100011,3522.631652,2.41,8,94.2,20,1,46.4,31.8,55.8,44,61.3,0.404,107699,3.793421786,35.7,2,1,0,0,0,1,1.98
New Hampshire,2014,0.441,147.9497101,7.2,22,1326813,8968,196.1,0.9,0,44.8,34.5,40.5,110,0,0,0,8.28,18.6,44.52,1,0.07536857116,2583,194.6770193,5,3,4,1.2,3.1,35,46,4.55,20,92,34.4,174723,13168.62286,0.76,9,60.3,13,1,40.2,53.5,38,61.8,48.7,0.396,65400,4.929104554,36.9,1,0,0,1,0,0,0.89
New Jersey,2014,0.476,1205.09303,11.3,3,8938175,7417,261.2,3.9,2.96,14.3,10.7,117.5,125.6,6,0.06712779734,1,2.17,8.79,24.69,1,0.01118796622,29668,331.9245819,46,41,43.5,13.5,18.6,30,51,2.37,6,88.4,36.4,268559,3004.629021,0.14,5,94.68,13,1,59.9,44.6,40.8,56.4,57.6,0.437,302160,3.380555874,29.6,4,0,0,1,0,0,0.9
New Mexico,2014,0.477,17.18556973,20,34,2085572,121356,597.4,4.8,3.64,70.7,51.4,100,421.8,1,0.04794847649,1,11.7,21.53,54.34,0,0,3341,160.1958599,28,13,20.5,2,47,37,48,2.42,22,84,26.1,192345,9222.64971,1.5,8,77.43,23,4,32.4,45.4,58.5,51.6,62,0.341,80953,3.881573017,37.1,1,1,0,0,0,1,1.71
New York,2014,0.511,418.2282162,14,5,19746227,47214,381.8,3.1,1.88,27.5,19.8,121.8,229.4,14,0.07089962047,1,2.4,8.61,27.87,4,0.02025703442,58370,295.6007748,42,47,44.5,15.6,18.2,28,53,2.19,12,85.4,33.7,1034742,5240.201077,0.39,5,87.87,10,1,47,29.8,37.7,62.7,64.5,0.411,783452,3.967603533,29.3,4,0,0,1,0,0,0.62
North Carolina,2014,0.475,204.1420624,17.1,29,9943964,48711,329.5,5.1,3.93,24.3,17.5,84.6,215.4,3,0.03016905532,1,7.65,13.6,56.25,2,0.02011270355,23980,241.1513155,33,24,28.5,21.5,8.7,41,43,2.06,33,85.4,27.8,327394,3292.389232,1.03,8,66.09,35,6,51,63.6,68.4,44.8,49.6,0.425,1123757,11.3008957,40,6,1,1,0,0,0,1.06
North Dakota,2014,0.466,10.72085943,9.7,27,739482,68976,265.1,3,0,48.4,37.3,23.4,190.3,0,0,0,11.49,18.51,62.07,0,0,1593,215.421065,12,10,11,1.5,2.6,50,33,3.41,8,91.3,27.3,433746,58655.38309,1.57,8,59.9,22,8,52.4,52.4,51.4,49.6,21.8,0.391,21438,2.899056366,42.9,1,0,0,0,1,0,0.28
Ohio,2014,0.464,283.1435723,15.6,19,11594163,40948,284.9,4,3.64,43.5,35.3,110,127.4,7,0.06037520777,1,6.42,12.86,49.92,1,0.008625029681,9616,82.93828541,30,27,28.5,12.2,3.3,42,40,2.03,26,88.8,25.6,1068105,9212.437327,0.75,7,77.92,29,5,54.6,45.9,46.5,58.5,46,0.421,924887,7.977177826,37.9,6,0,0,0,1,0,0.78
Oklahoma,2014,0.466,56.47619672,17.3,24,3878051,68667,406,4.5,4.05,45.8,32.9,78.6,277,2,0.05157229753,1,11.21,18.97,59.09,0,0,6897,177.847068,27,24,25.5,7.3,9.4,45,40,1.91,24,86.7,23.8,273978,7064.837466,1.44,9,66.24,47,6,39.7,54.3,54.7,52.1,42.2,0.399,356894,9.202921777,45,7,1,1,0,0,0,1.94
Oregon,2014,0.462,41.35794869,14.4,18,3970239,95997,232.3,2,1.33,36.7,26.5,52.7,140.8,2,0.05037480111,1,10.63,19.69,53.99,0,0,6356,160.0911179,26,36,31,1.8,12.1,42,47,2.69,49,89.5,30.1,1191905,30020.98866,2.59,9,81.03,29,2,30.9,59.1,45.8,39.5,58.8,0.343,190195,4.790517649,33.6,2,1,0,0,0,1,1.2
Pennsylvania,2014,0.469,285.3205034,12.5,13,12787209,44817,314.1,4.8,3.64,29.9,21.8,105.8,173.5,8,0.06256251853,1,7.01,14.2,49.37,1,0.007820314816,24611,192.4657679,20,36,28,10.9,6.1,39,46,2.34,9,89,28.1,2564210,20052.92945,1.15,7,78.66,19,3,54.6,42.8,52.4,61.4,49.6,0.417,597679,4.674037939,37.1,5,0,0,1,0,0,1.1
Rhode Island,2014,0.483,1009.734928,11.3,9,1055173,1045,219.2,2.4,1.23,34.2,24,50.1,132.5,1,0.09477118918,1,1.9,10.71,17.74,0,0,2497,236.6436594,48,35,41.5,6.3,13.3,30,48,2.39,36,85.4,31.4,7606,720.8296649,0.61,7,90.73,14,1,43.3,35.2,48.5,61.9,59.4,0.404,24703,2.341132686,33.8,1,0,0,1,0,0,0.37
South Carolina,2014,0.469,160.4942544,16.5,34,4832482,30110,497.7,6.4,5.51,42.8,30.6,82.7,365.8,7,0.1448531003,1,9.92,15.59,63.63,1,0.02069330005,9552,197.6624021,25,24,24.5,27.6,5.3,43,39,2.28,37,85,25.3,368894,7633.634228,0.73,9,66.33,35,6,60,55.4,69.6,45.7,55.3,0.454,580148,12.00517664,45.1,7,1,1,0,0,0,1.73
South Dakota,2014,0.447,11.24299928,12.8,43,853175,75885,326.5,2.3,0,55.1,48.4,23.4,245.7,1,0.1172092478,1,8.91,16.52,53.93,0,0,1669,195.6222346,6,9,7.5,1.5,3.2,53,37,2.73,4,90.7,26.7,273746,32085.56275,2.74,9,56.65,25,8,58.7,56.7,55.8,36.1,41.9,0.382,29936,3.508776042,42.7,1,0,0,0,1,0,1.65
Tennessee,2014,0.481,158.8992891,17.3,34,6549352,41217,608.4,5.7,4.81,38.6,28.4,110.9,453.2,13,0.1984929196,1,9.84,15.23,64.61,0,0,16774,256.116941,10,39,24.5,16.8,4.8,48,36,2.01,41,84.9,24.4,686146,10476.54791,1.36,8,66.39,52,7,51.3,66.6,62,49,50.1,0.421,1049247,16.02062311,44.9,7,1,1,0,0,0,1.58
Texas,2014,0.483,102.9689339,16.4,29,26956958,261797,405.9,4.4,3.58,42.3,30.6,115.7,243.6,14,0.05193464337,1,6.63,12.06,54.98,5,0.01854808692,38512,142.8647847,31,27,29,11.9,38.2,39,40,2.23,32,81.6,27.1,1383735,5133.12741,1.08,6,84.7,31,6,55.2,52.3,54.4,44.3,52.7,0.416,1344394,4.987187353,40.5,6,1,1,0,0,0,1.44
Utah,2014,0.428,35.82613459,10.2,38,2942902,82144,215.6,2.3,1.22,49.4,32.1,44.6,119.4,2,0.06796012915,1,9.44,18.98,49.74,1,0.03398006458,4879,165.7887351,21,33,27,1.1,13.3,54,30,1.36,40,91,30.6,336106,11420.90358,0.43,5,90.58,7,6,55.8,69.4,54.5,30.4,47.7,0.365,166961,5.673345562,46.9,4,1,0,0,0,1,0.96
Vermont,2014,0.441,67.73643243,9.3,41,626562,9250,99.3,1.6,0,17.6,15.8,11.2,68.9,0,0,0,9.41,19.78,47.57,0,0,1194,190.5637431,1,8,4.5,1,1.6,29,57,3.05,3,91.6,35.2,154025,24582.56326,0.51,8,38.9,11,4,26.5,60,38.2,55.8,54.2,0.384,45848,7.317392373,26.8,1,0,0,1,0,0,0.94
Virginia,2014,0.466,210.2916856,10.2,20,8326289,39594,196.2,4.1,2.82,27.7,17.2,51.5,112.9,8,0.09608121938,1,7.52,13.48,55.79,2,0.02402030484,18858,226.4874544,11,32,21.5,19.3,8.4,43,39,2.11,38,87.9,35.8,774742,9304.769508,0.93,10,75.45,30,6,48.5,47.4,45.3,44.7,57.1,0.417,863822,10.37463389,37,5,1,1,0,0,0,1.23
Washington,2014,0.454,105.9589761,12,11,7061530,66644,285.2,2.5,1.7,38.2,30.7,79.9,164.7,3,0.04248371104,1,7.8,15.84,49.24,0,0,10311,146.0165148,19,36,27.5,3.6,11.7,33,44,2.25,30,90.2,32.3,657978,9317.782407,0.74,9,84.05,25,4,30.6,55.8,45,36.9,56.6,0.365,305537,4.326781873,34.3,4,1,0,0,0,1,0.96
West Virginia,2014,0.455,76.84716339,20.6,24,1850326,24078,302,4,3.14,27.3,15.4,35.2,235.5,0,0,0,11.74,19.42,60.45,0,0,3670,198.3434271,14,29,21.5,3.2,1.3,43,41,1.78,43,84.4,18.7,547063,29565.76301,2.48,9,48.72,39,2,38.5,51.8,42.6,79.2,36.8,0.414,233814,12.63636786,41.6,5,1,1,0,0,0,0.96
Wisconsin,2014,0.44,106.0129626,10.9,17,5757564,54310,290.3,2.9,2.1,29.1,20.3,88,170.4,2,0.03473691304,1,6.11,13.35,45.77,1,0.01736845652,12776,221.8994005,35,35,35,6.2,6.2,42,42,2.97,35,90.8,27.4,2736588,47530.30969,1.88,7,70.15,22,6,69.8,57.8,47.6,48.6,35.7,0.395,191028,3.317861512,39.4,4,0,0,0,1,0,0.93
Wyoming,2014,0.427,6.015993821,9.7,44,584153,97100,195.5,2.7,0,29.8,21.6,9.1,153.9,0,0,0,13.35,20.54,65.00,0,0,1322,226.3105727,2,1,1.5,1,9.4,57,25,2.72,29,92.3,25.1,169558,29026.29962,5.62,9,64.76,27,6,46,40.7,42.4,46.1,42.4,0.348,47854,8.192031882,51.4,1,1,0,0,0,1,1.05
Alabama,2013,0.475,95.26241526,18.7,24,4833996,50744,431,7.2,6.56,42.5,30,96.1,285.2,2,0.04137363788,1,10.43,14.93,69.86,0,0,9492,196.3592854,9,16,12.5,26.3,3.9,52,35,1.99,38.67,83.1,22.6,573139,11856.42272,0.78,9,59.04,49,7,55.5,52.7,55.5,48.7,42.7,0.439,674196,13.94697058,44.7,8,1,1,0,0,0,1.098
Alaska,2013,0.408,1.289024759,9.3,49,737259,571951,638.7,4.6,2.58,125.5,89.1,84.5,424.1,0,0,0,16.27,23.19,70.16,1,0.1356375439,1312,177.9564576,4,5,4.5,3.5,5.9,39,32,2.75,17.67,91.6,27.5,243524,33030.99725,0.33,10,66.02,22,5,50,50,50,50,50,0.382,27706,3.757973792,43.1,1,0,0,0,0,1,2.29
Arizona,2013,0.468,58.38867426,18.6,50,6634997,113635,415.6,5.4,3.82,47.8,35.3,100.3,262.1,4,0.06028638747,1,9.88,17.54,56.33,0,0,11955,180.1809405,3,13,8,4.2,29.9,40,39,2.35,50.33,85.7,26.9,381890,5755.692128,1.2,8,89.81,26,5,50.6,46.6,58.4,38.1,54.7,0.398,319017,4.808095618,36,5,1,0,0,0,1,1.38
Arkansas,2013,0.469,56.82501729,19.7,34,2958765,52068,463.2,5.3,5.14,50.4,38.4,76.4,331.1,0,0,0,10.89,17.44,62.44,0,0,5893,199.1709379,32,22,27,15.5,6.6,46,38,1.81,43.67,83.7,20.1,377526,12759.58043,1.42,8,56.16,46,7,49.9,52.7,41,56.2,40.3,0.411,320628,10.83654836,45.2,7,1,1,0,0,0,0.93
California,2013,0.49,246.4198475,16.8,1,38431393,155959,402.6,4.5,3.42,26.9,19.4,139.6,231.7,37,0.09627545897,1,4.09,10.48,39.03,6,0.01561223659,76912,200.1280568,49,46,47.5,6,37.9,30,49,2.32,25.00,81.2,30.7,817675,2127.622592,0.37,5,94.95,20,1,51.4,49,43.2,39.1,65,0.392,941696,2.450330125,30.8,3,1,0,0,0,1,0.97
Colorado,2013,0.461,50.83096473,13,15,5272086,103718,305.4,3.3,2.01,56.2,41.7,59.5,186.4,2,0.03793564824,1,9.28,19.1,48.59,1,0.01896782412,11981,227.2535008,13,29,21,4,20.8,41,42,2.81,24.00,90.2,37,423270,8028.510916,1.64,8,86.15,26,4,45.3,47.5,58.8,34.3,57.9,0.358,241752,4.585509417,36.9,4,1,0,0,0,1,1.22
Connecticut,2013,0.499,742.8980392,10.7,2,3599341,4845,262.2,2.5,1.83,24.8,18,98.7,136.3,3,0.08334859076,1,2.56,9.17,27.92,0,0,8517,236.6266492,43,45,44,10.1,13.9,32,50,2.37,26.01,89.2,36.5,122995,3417.153307,0.37,6,87.99,13,1,57.6,38.6,34.2,53.4,53.9,0.416,104980,2.916645019,27.4,4,0,0,1,0,0,0.76
Delaware,2013,0.451,473.5107472,12.4,10,925240,1954,500.7,4.4,4.11,43.1,30,133.3,319.9,3,0.3242401971,1,6.48,13.18,49.17,0,0,2339,252.7992737,41,39,40,21.5,8.4,29,55,3.59,5.00,87.7,28.9,37074,4006.960356,0.81,9,83.3,15,1,47,38.8,36.5,62.4,42.7,0.445,39346,4.252518266,32.3,1,1,0,1,0,0,0.63
Florida,2013,0.484,363.4600664,17,25,19600311,53927,469.3,5,4.16,34.5,24.3,118.4,311.5,13,0.0663254782,1,7.99,14.94,53.48,2,0.01020391972,42346,216.0475923,38,16,27,16,22.9,37,44,2.72,26.33,86.1,26.4,355280,1812.6243,1.19,8,91.16,24,2,60.9,50.7,62.7,40.8,61,0.438,1462965,7.463988709,36.8,6,1,1,0,0,0,1.098
Georgia,2013,0.484,172.6031672,19,28,9994759,57906,375.4,5.6,4.72,28.9,20.2,127.1,213.7,6,0.06003146249,1,7.48,12.13,61.67,0,0,21498,215.0927301,7,10,8.5,30.7,8.9,41,41,1.97,28.00,84.7,28,866635,8670.894416,1.17,8,75.07,38,6,63.2,60,68.8,38,56.9,0.437,1074799,10.75362598,41.8,7,1,1,0,0,0,1.15
Hawaii,2013,0.44,219.3658726,10.8,7,1408987,6423,254.4,2.3,0,36.1,26,66.3,149.8,0,0,0,1.99,12.14,16.39,0,0,2886,204.8280076,50,50,50,1.8,9.3,28,51,2.55,17.00,90.4,30.1,10106,717.2528916,0,9,91.93,25,1,50,50,50,50,50,0.369,13753,0.9760913337,27.2,1,0,0,0,0,1,0.58
Idaho,2013,0.438,19.49125648,15.6,37,1612843,82747,215.2,1.8,0.87,41.8,32,13.6,158,0,0,0,12.4,19.1,64.92,0,0,2707,167.8402672,18,3,10.5,0.6,11.4,49,32,2.81,45.00,88.8,25.1,859531,53292.91196,1.62,8,70.58,21,6,40.7,52.9,44.5,44.2,44.7,0.356,150580,9.336308618,47.5,1,1,0,0,0,1,0.99
Illinois,2013,0.482,231.9111975,14.7,8,12890552,55584,403.1,5.6,4.47,41.4,30.2,137.6,218.5,18,0.1396371544,1,3.85,10.25,37.56,1,0.007757619689,9420,73.07677747,45,49,47,14.4,16,33,48,2.33,14.33,87.3,31.4,1313039,10186.0572,0.85,6,88.49,20,2,62.5,48.3,50.9,51.2,55.2,0.415,596639,4.628498454,32.4,4,0,0,0,1,0,0.24
Indiana,2013,0.455,183.1966153,15.9,23,6570713,35867,359.6,5.4,4.54,34.1,24.7,108.3,211.8,6,0.09131429116,1,7.96,14.37,55.39,1,0.01521904853,7054,107.3551683,17,21,19,9.1,6.2,42,37,2.09,41.00,87.2,23.2,471335,7173.270237,1.37,7,72.44,31,6,48.9,50.2,56.2,59.3,44.9,0.409,704473,10.72140877,41.1,6,0,0,0,1,0,1.08
Iowa,2013,0.443,55.34985412,12.7,16,3092341,55869,273,1.3,0.78,36.6,28.2,30.3,204.8,0,0,0,7.15,14.46,49.45,1,0.03233796014,5035,162.8216293,40,20,30,3,5.1,41,40,2.34,9.00,91,25.7,796934,25771.21993,2.34,8,64.02,28,7,62.8,56.6,52.2,49.1,33.7,0.392,185253,5.99070413,40.1,5,0,0,0,1,0,0.58
Kansas,2013,0.459,35.39449979,14,44,2895801,81815,342.8,4,2.73,44.7,34.6,46.2,247.8,4,0.1381310387,1,8.33,14.68,56.74,0,0,6174,213.2052582,15,12,13.5,5.7,10.7,46,31,1.88,18.33,89.8,30.3,334664,11556.87148,1.4,8,74.2,31,7,45.5,48.9,50.8,49,40.1,0.397,217907,7.524930063,41.7,6,0,0,0,1,0,1.03
Kentucky,2013,0.472,110.7426248,18.8,43,4399583,39728,210.9,3.9,3.14,37.4,21.6,73.8,95.8,3,0.06818828057,1,10.3,15.94,64.62,2,0.04545885371,7092,161.1970953,8,15,11.5,7.8,3.1,44,43,1.85,22.33,83,21.5,486527,11058.47986,0.92,8,58.38,49,7,53.4,48.1,51.3,62.5,43,0.408,890180,20.2332812,40.9,7,1,1,0,0,0,1.43
Louisiana,2013,0.491,106.2688582,19.8,40,4629284,43562,521.2,10.7,9.64,38.1,27,119.7,352.8,9,0.1944145142,1,8.82,12.6,70.00,1,0.02160161269,8228,177.7380692,37,22,29.5,32,4.4,41,43,2.58,44.00,82.6,21.8,578733,12501.56612,1.03,7,73.19,27,4,52.2,49.7,45,60.4,53.7,0.449,437042,9.440812013,44.1,6,1,1,0,0,0,1.99
Maine,2013,0.453,43.05301017,14,25,1328702,30862,132.5,1.8,0.98,37.3,27.5,25.2,68.3,0,0,0,10.31,18.44,55.91,0,0,2243,168.8113663,16,18,17,1.1,1.4,36,47,2.69,10.00,91.1,27.9,216364,16283.86199,0.8,10,38.66,14,3,44.2,32.8,24,71,50.8,0.374,102182,7.690362474,32.6,1,0,0,1,0,0,1.47
Maryland,2013,0.456,607.6055862,10.1,4,5938737,9774,475.4,6.5,5.04,28.3,19.9,169.2,271.5,4,0.06735438865,1,4.33,9.59,45.15,1,0.01683859716,17312,291.5097941,44,41,42.5,29.4,8.5,31,55,2.17,11.33,88.7,36.8,0,0,0.7,7,87.2,18,2,35.2,37.3,37.5,49.4,56.6,0.413,259963,4.377412234,31.8,5,1,1,0,0,0,1.18
Massachusetts,2013,0.484,855.7237245,11.9,6,6708874,7840,406.4,2.1,1.25,34.3,25.7,99.9,270.1,0,0,0,1.67,8.53,19.58,1,0.01490563096,16293,242.8574452,47,48,47.5,6.9,9.9,27,56,2.56,1.67,89.4,39.4,212730,3170.874874,0.28,6,91.97,9,1,44.4,40.7,32.2,63.8,59.6,0.396,236898,3.531114163,27.4,4,0,0,1,0,0,0.67
Michigan,2013,0.464,174.25169,17,14,9898193,56804,452.2,6.3,4.98,68.5,45.5,102,275.3,14,0.1414399578,1,6.81,13.08,52.06,1,0.01010285413,16909,170.8291604,36,29,32.5,14,4.5,34,47,2.24,30.00,88.9,25.9,1909994,19296.39077,0.98,7,74.57,25,4,55.2,54.7,53,48.6,43.4,0.402,518052,5.233803786,34.6,5,0,0,0,1,0,1.45
Minnesota,2013,0.446,68.10777541,11.2,12,5422060,79610,234.4,2.1,1.4,37.1,26.8,67.8,127.4,2,0.03688634947,1,6.25,12.51,49.96,0,0,8743,161.2486767,39,44,41.5,5.2,4.8,39,46,2.72,4.00,92.1,32.6,1517721,27991.5936,1.5,7,73.27,19,6,52.9,61.6,52.5,43.4,38.5,0.392,171010,3.153967311,36.2,5,0,0,0,1,0,0.81
Mississippi,2013,0.479,63.79018057,24,44,2992206,46907,277.5,7.3,7.19,34.2,24.3,80.6,155.4,2,0.06684031781,1,9.33,12.97,71.94,2,0.06684031781,2903,97.0187213,24,1,12.5,37.2,2.7,44,42,2.24,43.00,81.5,20.1,196262,6559.107227,1.27,7,49.35,41,7,56.8,63.3,59.7,52,46.2,0.456,327110,10.93206818,47.9,9,1,1,0,0,0,0.78
Missouri,2013,0.461,87.7524751,15.9,39,6044917,68886,433.7,6.1,4.85,38.1,27.8,90.8,298.7,10,0.1654282433,1,9.2,15.88,57.93,0,0,14400,238.2166703,29,6,17.5,11.5,3.7,41,42,2.44,27.67,87.6,26.2,1696483,28064.62024,1.29,8,70.44,36,6,62.9,59.3,60.8,48.3,45.7,0.415,592992,9.809762483,42.9,6,0,0,0,1,0,1.04
Montana,2013,0.462,6.972518413,16.5,42,1014864,145552,288.1,2.3,1.38,46,37.6,21.4,218.5,0,0,0,14.49,23.96,60.48,0,0,1684,165.9335635,23,7,15,0.4,3.1,49,30,3.07,39.00,92.1,28.7,867849,85513.82254,4.89,10,55.89,28,7,33.1,52.3,56.1,43,55,0.357,69488,6.847025808,45.2,1,1,0,0,0,1,0.59
Nebraska,2013,0.445,24.31274066,13.2,21,1868969,76872,264.8,3,2.73,45.3,33.2,55.4,161.1,1,0.05350543535,1,5.94,11.77,50.47,0,0,3497,187.1085074,34,18,26,4.6,9.4,47,36,2.31,19.00,90.5,28.5,374773,20052.39252,1.87,8,73.13,25,7,60,62.9,64.3,41.6,34.3,0.399,74139,3.966839471,41.7,6,0,0,0,1,0,0.64
Nevada,2013,0.454,25.41742393,15.8,31,2791494,109826,605,5.8,3.15,53.1,39,185.7,360.4,1,0.03582311121,1,10.46,19.39,53.95,0,0,5359,191.976053,22,43,32.5,8.2,26.9,37,46,3.3,49.67,84.6,22.4,105892,3793.380892,2.41,8,94.2,20,1,46.4,31.8,55.8,44,61.3,0.404,107699,3.858113254,35.7,2,1,0,0,0,1,1.95
New Hampshire,2013,0.439,147.4817128,8.7,22,1322616,8968,223.2,1.6,0,58.8,39.5,48.9,113.9,0,0,0,6.12,13.99,43.75,0,0,2612,197.4874038,5,3,4,1.2,2.9,35,46,4.68,18.00,91.8,33.7,178689,13510.27055,0.76,9,60.3,13,1,40.2,53.5,38,61.8,48.7,0.396,65400,4.944745867,36.9,1,0,0,1,0,0,0.75
New Jersey,2013,0.48,1201.496832,11.4,3,8911502,7417,288.9,4.5,3.35,13.3,9.7,135.6,135.5,8,0.08977162323,1,2.18,8.5,25.65,0,0,24460,274.476738,46,41,43.5,13.6,18.2,30,51,2.36,6.67,88.1,35.8,290020,3254.445771,0.14,5,94.68,13,1,59.9,44.6,40.8,56.4,57.6,0.437,302160,3.39067421,29.6,4,0,0,1,0,0,1.08
New Mexico,2013,0.476,17.19647154,21.9,37,2086895,121356,622.5,5.9,3.93,75,54.4,87.8,453.8,2,0.0958361585,1,10.64,20.65,51.53,0,0,353,16.91508198,28,13,20.5,2,46.7,37,48,2.35,34.67,83.6,25.8,2603210,124740.8231,1.5,8,77.43,23,4,32.4,45.4,58.5,51.6,62,0.341,80953,3.87911227,37.1,1,1,0,0,0,1,2
New York,2013,0.51,417.1576227,16,5,19695680,47214,393.8,3.3,1.93,18,13.1,138.3,234.2,14,0.07108157728,1,2.36,8.57,27.54,1,0.00507725552,58528,297.1616111,42,47,44.5,15.6,17.9,28,53,2.21,13.00,85.2,33.2,1010459,5130.358535,0.39,5,87.87,10,1,47,29.8,37.7,62.7,64.5,0.411,783452,3.977785992,29.3,4,0,0,1,0,0,0.84
North Carolina,2013,0.477,202.1908193,17.9,31,9848917,48711,341,4.7,4.18,25.6,18.2,94.2,216.5,11,0.1116874068,1,7.83,13.04,60.05,0,0,23258,236.1477917,33,24,28.5,21.4,8.5,41,43,2.03,26.00,84.9,27.3,323558,3285.213999,1.03,8,66.09,35,6,51,63.6,68.4,44.8,49.6,0.425,1123757,11.40995502,40,6,1,1,0,0,0,1.09
North Dakota,2013,0.455,10.49433136,11.8,28,723857,68976,273.4,2.2,0,49,39.8,22.2,199.9,0,0,0,10.5,17.69,59.36,0,0,1471,203.2169337,12,10,11,1.3,2.3,50,33,3.38,6.33,90.9,27.2,455562,62935.35878,1.57,8,59.9,22,8,52.4,52.4,51.4,49.6,21.8,0.391,21438,2.961634688,42.9,1,0,0,0,1,0,0.57
Ohio,2013,0.465,282.602447,16,19,11572005,40948,291.4,4.1,3.86,37.9,31.1,125.2,124.2,8,0.06913235865,1,6.91,13.19,52.39,0,0,13147,113.6103899,30,27,28.5,12.1,3.2,42,40,2.04,23.67,88.5,25.2,378018,3266.659494,0.75,7,77.92,29,5,54.6,45.9,46.5,58.5,46,0.421,924887,7.992452475,37.9,6,0,0,0,1,0,0.91
Oklahoma,2013,0.462,56.11309654,16.8,34,3853118,68667,446.1,5.1,4.62,60.1,44.5,78.5,302.4,6,0.1557180445,1,11.24,17.26,65.12,0,0,7841,203.4975311,27,24,25.5,7.2,9.1,45,40,1.93,31.67,86.4,23.5,270030,7008.090591,1.44,9,66.24,47,6,39.7,54.3,54.7,52.1,42.2,0.399,356894,9.262472626,45,7,1,1,0,0,0,1.65
Oregon,2013,0.46,40.91865371,16.7,18,3928068,95997,242.8,2.1,1.37,37.3,25.5,60.9,142.5,0,0,0,9.9,17.77,55.71,1,0.02545780776,5959,151.7030764,26,36,31,1.8,11.9,42,47,2.66,46.67,89.4,29.7,1207388,30737.45159,2.59,9,81.03,29,2,30.9,59.1,45.8,39.5,58.8,0.343,190195,4.841947746,33.6,2,1,0,0,0,1,0.81
Pennsylvania,2013,0.47,285.1885668,13.7,11,12781296,44817,335.1,4.8,3.8,29.7,21.3,115.3,185.3,13,0.1017111254,1,7.18,13.99,51.32,0,0,25278,197.7733713,20,36,28,10.9,5.9,39,46,2.33,12.33,88.7,27.5,2329571,18226.40677,1.15,7,78.66,19,3,54.6,42.8,52.4,61.4,49.6,0.417,597679,4.676200285,37.1,5,0,0,1,0,0,1.32
Rhode Island,2013,0.477,1007.994258,14.3,9,1053354,1045,257.3,2.9,1.71,42.6,31.6,64.8,146.9,2,0.1898696924,1,3.23,12.54,25.76,0,0,2434,231.0714157,48,35,41.5,6.3,12.9,30,48,2.56,36.00,85.2,31.3,7150,678.7841504,0.61,7,90.73,14,1,43.3,35.2,48.5,61.9,59.4,0.404,24703,2.345175506,33.8,1,0,0,1,0,0,0.92
South Carolina,2013,0.467,158.483195,18.6,34,4771929,30110,508.5,6.4,5.12,46.8,36.4,83.1,372.2,5,0.1047794299,1,9.86,14.6,67.53,0,0,11521,241.4327623,25,24,24.5,27.7,5.2,43,39,2.31,36.00,84.5,25.1,340005,7125.106011,0.73,9,66.33,35,6,60,55.4,69.6,45.7,55.3,0.454,580148,12.15751534,45.1,7,1,1,0,0,0,2.32
South Dakota,2013,0.443,11.14199117,14.2,47,845510,75885,323.2,2.1,0,60,53.7,18.5,242.7,0,0,0,8.4,17.39,48.30,0,0,1529,180.837601,6,9,7.5,1.4,3,53,37,2.81,6.00,90.4,26.2,283405,33518.82296,2.74,9,56.65,25,8,58.7,56.7,55.8,36.1,41.9,0.382,29936,3.540584972,42.7,1,0,0,0,1,0,0.48
Tennessee,2013,0.478,157.63566,17.8,28,6497269,41217,585.8,5.2,4.76,38.5,29.3,112.9,429.3,10,0.1539108201,1,10.41,15.86,65.64,0,0,16595,255.4150059,10,39,24.5,16.8,4.7,48,36,2,35.33,84.4,23.8,659098,10144.23137,1.36,8,66.39,52,7,51.3,66.6,62,49,50.1,0.421,1049247,16.14904662,44.9,7,1,1,0,0,0,1.65
Texas,2013,0.481,101.244999,17.5,31,26505637,261797,410.3,4.3,3.44,39.4,28.7,120,246.6,10,0.03772782371,1,6.72,11.54,58.23,5,0.01886391185,46059,173.7705832,31,27,29,11.8,37.9,39,40,2.25,33.67,81.2,26.7,1401543,5287.716722,1.08,6,84.7,31,6,55.2,52.3,54.4,44.3,52.7,0.416,1344394,5.072105983,40.5,6,1,1,0,0,0,1.38
Utah,2013,0.426,35.33778487,12.7,40,2902787,82144,228.9,1.8,1.14,52.4,31.9,43,131.7,1,0.03444965132,1,10.16,19.94,50.95,1,0.03444965132,3236,111.4790717,21,33,27,1.1,13.1,54,30,1.36,41.00,90.9,30.3,347695,11977.97151,0.43,5,90.58,7,6,55.8,69.4,54.5,30.4,47.7,0.365,166961,5.751748234,46.9,4,1,0,0,0,1,0.76
Vermont,2013,0.454,67.76810811,12.3,44,626855,9250,123.6,1.6,0,21.7,18,12,88.4,0,0,0,9.41,17.86,52.69,0,0,1158,184.7317163,1,8,4.5,1,1.6,29,57,3,3.00,91.4,34.8,169429,27028.41965,0.51,8,38.9,11,4,26.5,60,38.2,55.8,54.2,0.384,45848,7.313972131,26.8,1,0,0,1,0,0,1.58
Virginia,2013,0.467,208.8787443,11.7,20,8270345,39594,197.8,3.9,2.82,28.4,17.8,55.3,110.2,6,0.07254836406,1,7.27,12.97,56.05,1,0.01209139401,18756,226.7861861,11,32,21.5,19.4,8.1,43,39,2.1,33.33,87.5,35.2,769656,9306.213949,0.93,10,75.45,30,6,48.5,47.4,45.3,44.7,57.1,0.417,863822,10.44481216,37,5,1,1,0,0,0,1.12
Washington,2013,0.457,104.6417082,14.1,12,6973742,66644,290,2.4,1.66,37.3,29.7,83.6,166.7,4,0.05735801525,1,6.93,14.73,47.05,0,0,10341,148.2848089,19,36,27.5,3.6,11.5,33,44,2.24,41.67,90,31.9,729150,10455.64921,0.74,9,84.05,25,4,30.6,55.8,45,36.9,56.6,0.365,305537,4.381248977,34.3,4,1,0,0,0,1,0.77
West Virginia,2013,0.465,76.98293048,18.5,25,1853595,24078,305.2,3.3,2.32,37.8,19.8,35.2,228.9,2,0.1078984352,1,12.14,17.43,69.65,1,0.0539492176,3534,190.656535,14,29,21.5,3.2,1.3,43,41,1.8,39.00,83.9,18.3,562501,30346.48885,2.48,9,48.72,39,2,38.5,51.8,42.6,79.2,36.8,0.414,233814,12.61408236,41.6,5,1,1,0,0,0,1.07
Wisconsin,2013,0.445,105.743933,13.5,17,5742953,54310,280.7,2.8,2,32,22.8,84.2,161.7,1,0.01741264468,1,7.61,14.8,51.42,0,0,12504,217.7277091,35,35,35,6.2,6.1,42,42,2.99,29.00,90.4,26.8,2795847,48683.09039,1.88,7,70.15,22,6,69.8,57.8,47.6,48.6,35.7,0.395,191028,3.326302688,39.4,4,0,0,0,1,0,1.14
Wyoming,2013,0.418,6.006416066,10.9,48,583223,97100,207.8,2.9,0,35,24.7,12.7,157.2,0,0,0,15.26,22.12,68.99,0,0,1605,275.1949083,2,1,1.5,0.9,9.2,57,25,2.66,32.00,92.4,24.7,171771,29452.02778,5.62,9,64.76,27,6,46,40.7,42.4,46.1,42.4,0.348,47854,8.205094792,51.4,1,1,0,0,0,1,0.7