incident_id,year,state,deaths,injuries
1227183,2018,Texas,1,0
1258777,2018,Colorado,1,4
1228741,2018,Ohio,1,0
1228092,2018,Virginia,1,0
1229736,2018,North Carolina,1,0
1236272,2018,New Jersey,1,0
1235301,2018,Wisconsin,1,0
1235182,2018,Texas,1,1
1235835,2018,Alabama,1,0
1236881,2018,Washington,2,0
1238006,2018,Ohio,1,0
1563948,2018,Wisconsin,1,0
1238134,2018,Tennessee,1,0
1238289,2018,Montana,1,0
1245249,2018,Colorado,1,0
1240563,2018,Georgia,1,2
1240934,2018,West Virginia,1,0
1243719,2018,Alabama,1,0
1245028,2018,New York,1,0
1245110,2018,Wisconsin,1,0
1245218,2018,Colorado,1,0
1255624,2018,Montana,1,0
1248178,2018,Louisiana,1,0
1247542,2018,Oregon,1,0
1247630,2018,Florida,1,0
1247546,2018,Alabama,1,0
1227604,2018,Texas,1,0
1248553,2018,Colorado,1,0
1252355,2018,Missouri,1,0
1252415,2018,Nevada,1,1
1253765,2018,Missouri,1,0
1253410,2018,Louisiana,1,0
1255784,2018,Washington,1,0
1253708,2018,Minnesota,1,0
1252919,2018,Tennessee,1,0
1252211,2018,New York,1,0
1251637,2018,Arkansas,1,0
1253548,2018,Arkansas,1,0
1248514,2018,Missouri,1,0
1257873,2018,North Carolina,1,0
1308385,2018,Missouri,1,0
1253111,2018,Idaho,1,0
1254561,2018,Illinois,1,0
1255061,2018,Louisiana,1,0
1256230,2018,Alabama,1,0
1256731,2018,New York,1,0
1256752,2018,Michigan,1,0
1256271,2018,Georgia,1,0
1257514,2018,Michigan,1,0
1259687,2018,Texas,1,0
1259582,2018,Arkansas,1,0
1258320,2018,Texas,1,0
1255632,2018,Arizona,1,0
1236855,2018,New York,1,0
1253016,2018,Nebraska,1,0
1281105,2018,Tennessee,1,0
1261110,2018,Florida,1,0
1260953,2018,Georgia,1,0
1262235,2018,Alabama,1,0
1262836,2018,South Carolina,1,0
1264802,2018,Oregon,1,0
1263209,2018,Ohio,1,0
1265736,2018,Ohio,1,1
1266173,2018,Indiana,1,0
1267534,2018,Washington,1,0
1266905,2018,Arkansas,1,0
1267974,2018,Colorado,1,0
1274252,2018,Minnesota,1,0
1333192,2018,Louisiana,1,0
1269471,2018,Illinois,1,0
1271151,2018,Texas,1,0
1269978,2018,Virginia,1,0
1271590,2018,Florida,1,0
1275429,2018,Illinois,1,0
1272272,2018,Pennsylvania,1,0
1273048,2018,Oklahoma,1,0
1275310,2018,Iowa,1,0
1274244,2018,New York,1,0
1261090,2018,North Carolina,1,0
1273720,2018,Iowa,1,0
1273730,2018,Tennessee,1,1
1273747,2018,Iowa,1,0
1275012,2018,Illinois,1,0
1274111,2018,Louisiana,1,0
1277170,2018,Michigan,1,0
1277643,2018,California,1,0
1277231,2018,Mississippi,1,0
1278778,2018,Missouri,1,0
1278409,2018,Texas,1,0
1280781,2018,Oklahoma,1,0
1283283,2018,North Carolina,1,0
1278429,2018,Kentucky,1,0
1280326,2018,Pennsylvania,1,0
1281382,2018,Missouri,1,0
1287865,2018,Missouri,1,0
1277695,2018,Louisiana,1,0
1282603,2018,South Carolina,1,0
1282886,2018,Texas,1,0
1294928,2018,Colorado,1,0
1283079,2018,Florida,1,0
1284928,2018,West Virginia,1,0
1286417,2018,Florida,1,0
1286304,2018,Mississippi,1,0
1299646,2018,California,1,0
1288497,2018,Texas,1,0
1289271,2018,Georgia,2,0
1289265,2018,Missouri,1,0
1260484,2018,Montana,1,1
1295161,2019,Alabama,1,0
1356860,2019,California,1,0
1293992,2019,Oklahoma,1,0
1457258,2019,Texas,1,0
1292019,2019,Georgia,1,0
1289551,2019,District of Columbia,1,0
1289802,2019,Indiana,1,0
1297524,2019,Tennessee,1,0
1291882,2019,Kentucky,1,0
1295963,2019,Alabama,1,0
1301688,2019,Alabama,1,0
1299668,2019,Louisiana,1,0
1304982,2019,Alabama,1,0
1299432,2019,Oregon,1,0
1300600,2019,Florida,1,0
1302992,2019,Texas,1,0
1305254,2019,North Carolina,1,0
1305697,2019,Georgia,1,0
1314478,2019,Pennsylvania,1,0
1305643,2019,Texas,1,0
1305283,2019,Illinois,1,0
1296573,2019,Virginia,1,0
1303798,2019,Mississippi,1,0
1318649,2019,California,1,0
1306395,2019,Florida,1,0
1372960,2019,Tennessee,1,0
1304673,2019,South Carolina,1,0
1308718,2019,Texas,2,0
1306011,2019,Texas,1,0
1306428,2019,Michigan,1,0
1307368,2019,Kansas,1,0
1308241,2019,Virginia,1,0
1309745,2019,Ohio,1,0
1308070,2019,New York,1,0
1309738,2019,Missouri,1,0
1313441,2019,Texas,1,0
1314249,2019,Iowa,1,0
1322220,2019,New York,1,0
1318461,2019,Georgia,1,0
1321354,2019,Georgia,1,0
1320271,2019,Utah,1,0
1320361,2019,Texas,1,0
1322043,2019,South Carolina,1,0
1323453,2019,Alabama,1,0
1323311,2019,Texas,1,0
1326968,2019,Louisiana,1,0
1329406,2019,Iowa,1,0
1329984,2019,Indiana,1,0
1306941,2019,South Carolina,1,0
1331529,2019,Oregon,1,0
1354713,2019,Iowa,1,0
1333774,2019,South Carolina,1,0
1336645,2019,South Dakota,1,0
1340440,2019,Missouri,1,0
1340335,2019,Texas,1,0
1341626,2019,West Virginia,1,0
1342924,2019,Georgia,1,0
1347871,2019,Mississippi,1,0
1343205,2019,Illinois,1,0
1343223,2019,New Jersey,1,0
1343015,2019,Louisiana,1,0
1343682,2019,Michigan,1,0
1345043,2019,Virginia,1,0
1346113,2019,Texas,1,0
1347878,2019,Mississippi,1,0
1347968,2019,Nevada,1,0
1348026,2019,Tennessee,1,0
1348185,2019,Florida,1,0
1350746,2019,Texas,1,0
1349563,2019,Utah,1,0
1351519,2019,Texas,1,0
1356292,2019,Mississippi,1,0
1352207,2019,Ohio,1,0
1378446,2019,Florida,1,0
1354026,2019,North Carolina,1,0
1331403,2019,South Carolina,1,0
1334155,2019,Ohio,1,0
1370948,2019,Missouri,1,0
1368008,2019,Mississippi,1,0
1354947,2019,New York,1,0
1360810,2019,Kansas,1,0
1359562,2019,Georgia,1,0
1360750,2019,Texas,1,0
1362434,2019,New Mexico,1,0
1364291,2019,Indiana,1,0
1362942,2019,Virginia,1,0
1363434,2019,Mississippi,1,0
1364591,2019,Alabama,1,0
1352829,2019,Arkansas,1,0
1365495,2019,Maryland,1,0
1383237,2019,Utah,1,0
1368140,2019,Oklahoma,1,0
1370287,2019,Texas,1,0
1370281,2019,Alabama,1,0
1370249,2019,Alabama,1,1
1371988,2019,Texas,1,0
1370974,2019,Kentucky,1,0
1370591,2019,North Carolina,1,0
1372315,2019,New York,1,0
1371035,2019,New York,1,0
1366615,2019,Georgia,1,0
1323697,2019,Mississippi,2,0
1398927,2019,Oklahoma,1,0
1437037,2019,Louisiana,1,0
1398153,2019,Arkansas,1,0
1376917,2019,Ohio,1,0
1380603,2019,Indiana,1,0
1381613,2019,Massachusetts,1,0
1416972,2019,Arizona,1,0
1384330,2019,Arizona,1,0
1385486,2019,Texas,1,0
1388834,2019,Georgia,1,0
1387168,2019,Illinois,1,0
1387125,2019,Illinois,1,1
1398159,2019,Missouri,1,0
1387642,2019,Wisconsin,1,0
1390919,2019,Arizona,1,0
1392677,2019,Idaho,1,0
1392543,2019,Illinois,1,1
1395097,2019,Tennessee,1,0
1392351,2019,Tennessee,1,0
1392942,2019,Montana,1,0
1393162,2019,Ohio,1,0
1393281,2019,California,1,0
1400050,2019,Illinois,1,0
1395374,2019,Missouri,1,0
1390793,2019,Florida,1,0
1395723,2019,Ohio,1,0
1394434,2019,Texas,1,0
1415323,2019,Ohio,1,1
1402529,2019,Ohio,1,0
1405583,2019,Kentucky,1,0
1399436,2019,South Carolina,1,0
1406974,2019,Georgia,1,0
1405012,2019,Louisiana,1,0
1404771,2019,Tennessee,1,0
1412206,2019,Washington,1,0
1410272,2019,Florida,1,0
1405954,2019,Virginia,1,2
1406563,2019,Arizona,1,0
1410011,2019,Mississippi,1,0
1455974,2019,Alabama,1,0
1406147,2019,Florida,1,1
1408646,2019,Arizona,1,0
1407338,2019,Florida,1,0
1408146,2019,Mississippi,1,0
1409965,2019,South Carolina,1,0
1410916,2019,Oklahoma,1,0
1412302,2019,Maryland,1,0
1413510,2019,Tennessee,1,0
1413663,2019,Oklahoma,1,0
1419903,2019,Texas,1,0
1417080,2019,Texas,1,0
1353439,2019,Arizona,1,0
1418578,2019,Wisconsin,1,0
1437995,2019,Washington,1,0
1426296,2019,Oregon,1,0
1418818,2019,Idaho,1,0
1418975,2019,Alabama,1,0
1419431,2019,South Carolina,1,0
1419834,2019,Mississippi,1,1
1419559,2019,Kentucky,1,0
1421241,2019,Georgia,1,0
1424925,2019,Texas,1,0
1423526,2019,Alabama,1,2
1424395,2019,Wisconsin,1,0
1418384,2019,North Carolina,1,0
1429770,2019,Wisconsin,1,0
1437834,2019,Arizona,1,0
1427218,2019,South Carolina,1,0
1428280,2019,Texas,1,0
1429406,2019,Mississippi,1,0
1431541,2019,California,1,0
1430164,2019,Tennessee,1,0
1433166,2019,Kentucky,1,0
1437559,2019,Mississippi,1,0
1436602,2019,West Virginia,1,0
1434639,2019,Louisiana,1,0
1427181,2019,Indiana,1,0
1439323,2019,Arizona,1,0
1440596,2019,Utah,2,0
1457108,2019,Ohio,1,0
1417620,2019,West Virginia,1,0
1453955,2019,Texas,1,0
1442733,2019,Montana,1,0
1441469,2019,Indiana,1,1
1442417,2019,California,1,0
1446499,2019,Michigan,1,0
1446409,2019,Texas,1,0
1447491,2019,Arizona,1,0
1447821,2019,Colorado,1,0
1450859,2019,Missouri,1,0
1449886,2019,Texas,2,0
1450581,2019,Illinois,1,0
1455031,2019,Oklahoma,1,0
1444493,2019,Indiana,1,0
1453316,2019,Mississippi,1,0
1453388,2019,Texas,1,0
1453186,2019,Missouri,1,0
1455113,2019,Mississippi,1,0
1453343,2019,Maryland,1,0
1453856,2019,Virginia,1,1
1453968,2019,Louisiana,1,0
1455368,2019,Georgia,1,0
1376919,2019,Michigan,1,0
1377378,2019,Mississippi,1,0
1456902,2019,Texas,1,0
1308482,2019,Texas,1,0
1457269,2019,New Jersey,1,0
1469267,2019,Louisiana,1,0
1459239,2019,Illinois,1,0
1462286,2019,Alaska,1,0
1461110,2019,Illinois,1,0
1462610,2019,Pennsylvania,1,0
1462854,2019,Arizona,1,0
1464941,2019,Arizona,1,0
1466528,2019,Arkansas,1,0
1465536,2019,Montana,1,0
1465473,2019,Texas,1,0
1494530,2019,Mississippi,1,0
1465898,2019,Virginia,1,0
1479992,2019,West Virginia,1,0
1473306,2019,New York,1,0
1474852,2019,Illinois,1,0
1473393,2019,Kansas,1,0
1475708,2019,Ohio,1,0
1476537,2019,Ohio,1,1
1477032,2019,Michigan,1,0
1485063,2019,Nevada,1,0
1479182,2019,Texas,1,0
1480024,2019,Utah,1,0
1470479,2019,Alabama,1,2
1481097,2019,Arizona,1,0
1481415,2019,Alabama,1,0
1494302,2019,Louisiana,1,0
1487550,2019,Florida,1,0
1481679,2019,Kansas,1,0
1482469,2019,Oklahoma,1,0
1481936,2019,California,1,0
1482238,2019,Florida,1,0
1483844,2019,Minnesota,1,0
1483899,2019,Pennsylvania,1,0
1485322,2019,Illinois,1,0
1486893,2019,Florida,1,0
1486759,2019,Idaho,1,0
1482423,2019,Ohio,1,0
1486568,2019,Alabama,1,0
1526131,2019,Tennessee,1,0
1488638,2019,Pennsylvania,1,0
1488733,2019,Texas,1,0
1488879,2019,Pennsylvania,1,0
1489112,2019,Tennessee,1,0
1490936,2019,Louisiana,1,0
1489985,2019,Illinois,1,0
1490546,2019,Virginia,1,0
1491718,2019,Michigan,1,1
1498326,2019,Illinois,1,0
1490607,2019,Alabama,1,0
1495103,2019,Alabama,1,0
1481968,2019,Texas,1,0
1494294,2019,Louisiana,1,0
1496835,2019,Connecticut,1,0
1498337,2019,California,1,0
1501194,2019,Washington,1,0
1499224,2019,Washington,1,0
1499567,2019,Pennsylvania,1,0
1499671,2019,Michigan,1,0
1500260,2019,Massachusetts,1,0
1501228,2019,Iowa,1,0
1501152,2019,Pennsylvania,1,1
1502851,2019,Florida,1,0
1511907,2019,Missouri,1,0
1497036,2019,Tennessee,1,1
1505334,2019,Michigan,1,0
1504619,2019,Texas,1,0
1504579,2019,Texas,1,1
1506553,2019,Wisconsin,1,0
1508756,2019,Wisconsin,1,0
1509367,2019,Louisiana,1,0
1509915,2019,New York,1,1
1511135,2019,Illinois,1,0
1503927,2019,Kentucky,1,0
1571092,2019,Texas,1,0
1608875,2019,Kentucky,1,0
1502475,2019,Missouri,1,0
1512772,2019,Texas,1,0
1518529,2019,Georgia,1,0
1519354,2019,Indiana,1,0
1515030,2019,Georgia,1,0
1516320,2019,Pennsylvania,1,0
1514898,2019,Texas,1,0
1515518,2019,Illinois,1,0
1515403,2019,New Mexico,1,0
1515339,2019,Rhode Island,1,1
1515980,2019,North Carolina,1,0
1517049,2019,New York,1,0
1517546,2019,Florida,1,0
1517767,2019,Georgia,1,0
1521125,2019,South Carolina,1,0
1514363,2019,North Carolina,1,0
1520107,2019,Alabama,1,0
1520520,2019,California,1,0
1521090,2019,New Jersey,1,0
1527348,2019,Wisconsin,1,0
1522472,2019,Texas,1,0
1523339,2019,Montana,1,0
1523848,2019,Tennessee,1,0
1526320,2019,Oregon,1,0
1494737,2019,California,1,0
1514922,2019,Ohio,1,0
1526761,2019,Louisiana,1,0
1541309,2019,New York,1,0
1522917,2019,Maine,1,0
1565292,2019,Illinois,1,0
1533610,2019,Indiana,1,0
1542057,2019,Ohio,1,0
1531063,2019,Missouri,1,0
1531121,2019,Illinois,1,0
1530965,2019,Texas,1,3
1531661,2019,Michigan,1,0
1531010,2019,Texas,1,0
1531412,2019,Wisconsin,1,0
1531137,2019,Virginia,1,0
1531818,2019,Michigan,1,0
1540873,2019,Texas,1,0
1532400,2019,Texas,1,0
1539793,2019,Kentucky,1,0
1533271,2019,Arkansas,1,0
1535085,2019,Arkansas,1,0
1535028,2019,Michigan,1,0
1535185,2019,New York,1,0
1536955,2019,Colorado,1,0
1535859,2019,Alabama,1,1
1539159,2019,Texas,1,0
1539595,2019,Mississippi,1,0
1538996,2019,Georgia,1,0
1535476,2019,Utah,1,0
1460198,2019,Texas,1,0
1541266,2019,Florida,1,0
1554251,2019,California,1,0
1527391,2019,Mississippi,1,0
1528713,2019,Indiana,1,0
1542476,2019,Missouri,1,0
1543427,2019,Alaska,1,0
1543478,2019,Illinois,1,0
1543714,2019,Massachusetts,1,0
1543208,2019,Minnesota,1,0
1544990,2019,Florida,1,0
1545423,2019,Tennessee,1,0
1547735,2019,Kansas,1,0
1547323,2019,South Carolina,1,0
1546480,2019,Pennsylvania,1,0
1547956,2019,New Mexico,1,0
1548518,2019,Arkansas,1,0
1550200,2019,Washington,1,0
1550449,2019,Indiana,1,0
1550315,2019,South Carolina,1,0
1553489,2019,Pennsylvania,1,0
1551411,2019,New York,1,0
1551972,2019,Missouri,1,0
1552316,2019,Ohio,1,0
1553173,2019,Texas,1,0
1553858,2019,Mississippi,1,0
1539761,2019,Texas,1,0
1553904,2019,Missouri,1,0
1551098,2019,South Carolina,1,0
1555823,2019,Georgia,1,0
1560553,2019,South Carolina,1,0
1556629,2019,Illinois,1,2
1562185,2019,Pennsylvania,1,0
1556110,2019,Virginia,1,0
1558811,2019,Texas,1,0
1558197,2019,Florida,1,0
1558906,2019,Florida,2,0
1559906,2019,Indiana,1,0
1559758,2019,Texas,1,0
1559859,2019,California,1,0
1556829,2019,Texas,1,0
1559714,2019,Texas,1,0
1564937,2019,Florida,4,1
1561284,2019,Texas,1,0
1561428,2019,Tennessee,1,0
1562990,2019,Tennessee,1,0
1562043,2019,Louisiana,2,3
1563695,2019,Pennsylvania,1,0
1563712,2019,Pennsylvania,1,0
1555673,2019,Mississippi,1,0
1566391,2019,Arizona,1,0
1563677,2019,Ohio,1,0
1560369,2019,Virginia,1,0
1566963,2019,New York,1,0
1560557,2019,Maine,1,0
1585456,2019,Tennessee,1,0
1570510,2019,Tennessee,1,0
1571392,2019,Florida,1,0
1571231,2019,Arizona,1,0
1599014,2019,California,1,0
1573283,2019,Illinois,1,0
1572029,2019,Ohio,1,0
1572059,2019,Ohio,1,0
1575325,2019,Texas,1,2
1576476,2019,Maine,1,0
1575830,2019,Georgia,1,0
1567437,2019,Tennessee,1,0
1577363,2019,Texas,1,0
1578303,2019,California,1,0
1577786,2019,California,1,0
1574918,2019,Pennsylvania,1,0
1577156,2019,Texas,1,0
1577876,2019,Texas,1,0
1580278,2019,Alabama,1,0
1580445,2019,Texas,1,0
1582882,2019,Missouri,1,0
1583856,2019,Oklahoma,1,0
1577046,2019,Mississippi,1,6
1570654,2019,Florida,1,0
1694769,2020,Ohio,1,0
1705213,2020,Louisiana,2,0
1706543,2020,Florida,1,0
1703413,2020,Indiana,1,0
1699759,2020,Tennessee,1,0
1702223,2020,Ohio,1,0
1701008,2020,Texas,1,0
2074835,2020,Texas,1,0
1699231,2020,Alabama,1,0
1706994,2020,Iowa,2,2
1698779,2020,Alabama,1,0
1699338,2020,Illinois,1,0
1698223,2020,Alabama,1,0
1701717,2020,North Carolina,1,0
1707413,2020,Texas,1,0
1697079,2020,Michigan,1,0
1709551,2020,Minnesota,1,0
1681557,2020,Georgia,1,0
1682002,2020,Arizona,1,0
1696520,2020,Utah,1,0
1803039,2020,Kansas,1,0
1680189,2020,Florida,1,0
1682808,2020,Alabama,1,0
1684263,2020,West Virginia,1,0
1707253,2020,Illinois,1,1
1682456,2020,Florida,1,0
1708789,2020,Indiana,1,0
1709730,2020,Florida,1,0
1711149,2020,Texas,1,0
1708771,2020,Georgia,1,0
1710590,2020,Mississippi,1,0
1708053,2020,Michigan,1,0
1706703,2020,Indiana,2,0
1695493,2020,Kentucky,1,0
1696153,2020,Massachusetts,1,0
1655629,2020,New York,1,0
1710081,2020,Iowa,1,0
1659684,2020,Ohio,1,0
1654672,2020,Texas,1,0
1654616,2020,South Carolina,1,0
1653288,2020,Florida,1,0
1652874,2020,Pennsylvania,1,0
1652594,2020,Indiana,1,0
1653599,2020,Arkansas,1,0
1651203,2020,Illinois,1,0
1657394,2020,Georgia,1,1
1677795,2020,Florida,1,0
1664439,2020,Texas,1,0
1665078,2020,Georgia,1,0
1675981,2020,Texas,1,0
1683808,2020,South Carolina,1,0
1683782,2020,Oregon,1,0
1656735,2020,Florida,1,1
1705419,2020,Kansas,1,0
1749703,2020,Tennessee,1,0
1657697,2020,New York,1,0
1679922,2020,Missouri,1,0
1685388,2020,Ohio,1,0
1663572,2020,Colorado,1,0
1663445,2020,Texas,1,0
1663620,2020,Pennsylvania,1,0
1662919,2020,Texas,1,0
1662711,2020,Texas,1,0
1662407,2020,Kentucky,1,0
1705785,2020,Florida,1,0
1661188,2020,California,1,2
1660535,2020,Texas,1,0
1660305,2020,Texas,1,0
1658897,2020,Louisiana,1,0
1658455,2020,Ohio,2,0
1664609,2020,Florida,1,0
1657017,2020,Tennessee,1,0
1681289,2020,Tennessee,1,0
1604307,2020,Georgia,1,0
1681915,2020,Ohio,1,0
1586238,2020,Maryland,1,0
1585741,2020,Ohio,1,0
1831662,2020,California,1,0
1594264,2020,North Carolina,1,0
1648472,2020,Alabama,1,0
1604701,2020,Arizona,1,0
1620311,2020,Nebraska,1,0
1620365,2020,Minnesota,1,0
1619553,2020,Louisiana,1,0
1617744,2020,Pennsylvania,1,0
1616601,2020,New Jersey,1,0
1616774,2020,Louisiana,1,0
1616720,2020,California,1,0
1615948,2020,South Carolina,1,1
2084581,2020,Kentucky,1,0
1585419,2020,Texas,1,0
1614953,2020,Michigan,1,0
1585503,2020,Virginia,1,0
1585484,2020,Virginia,1,0
1601442,2020,Indiana,1,1
1675847,2020,Texas,1,0
1598980,2020,Texas,1,0
1600521,2020,Georgia,1,0
1602470,2020,California,1,0
1597263,2020,Massachusetts,1,0
1596276,2020,Texas,1,0
1596266,2020,Florida,1,0
1603395,2020,Texas,1,0
1594045,2020,California,1,0
1592355,2020,Kentucky,1,0
1589541,2020,Maryland,1,0
1589132,2020,Missouri,1,0
1588858,2020,Tennessee,1,0
1588530,2020,Maryland,1,0
1586315,2020,South Carolina,2,0
1681458,2020,Illinois,1,0
1614650,2020,Wisconsin,1,0
1603720,2020,Louisiana,1,0
1691205,2020,Texas,1,0
1692235,2020,Georgia,1,0
1689331,2020,Pennsylvania,1,0
1689086,2020,North Carolina,1,0
1688194,2020,Texas,1,0
1687467,2020,Tennessee,1,0
1688148,2020,Alabama,1,0
1686791,2020,Missouri,1,0
1687191,2020,Iowa,1,0
1687075,2020,Indiana,1,0
1694270,2020,Mississippi,1,0
1684673,2020,Illinois,1,0
1684670,2020,Florida,1,0
1684691,2020,Georgia,1,0
1682432,2020,Michigan,1,0
1690458,2020,Nevada,1,0
1612411,2020,Alabama,1,0
1691586,2020,Texas,1,0
1649813,2020,Indiana,1,0
1613176,2020,Ohio,1,0
1612699,2020,Ohio,1,0
1611420,2020,Virginia,1,0
1611651,2020,Tennessee,1,0
1611369,2020,Texas,1,0
1609445,2020,Pennsylvania,1,0
1609952,2020,Alabama,1,0
1609115,2020,North Carolina,1,0
1608944,2020,Washington,1,0
1605978,2020,Ohio,1,0
1607335,2020,Ohio,1,0
1605309,2020,Louisiana,1,0
1605571,2020,Ohio,1,0
1613427,2020,South Carolina,1,0
1649610,2020,Oklahoma,1,0
1650592,2020,Georgia,1,0
1677427,2020,Missouri,1,0
1839242,2020,Michigan,1,0
1675912,2020,Florida,1,0
1844038,2020,Florida,1,0
1842790,2020,Virginia,1,0
1842777,2020,Michigan,1,0
1838938,2020,Texas,1,0
1838373,2020,North Carolina,1,0
1846749,2020,Texas,1,0
1837937,2020,Georgia,1,0
1837582,2020,Kansas,1,0
1837698,2020,Florida,2,2
1840610,2020,Texas,1,0
1835068,2020,Nebraska,1,0
1834122,2020,Kentucky,1,0
1835483,2020,Texas,1,0
1834097,2020,Texas,1,0
1834445,2020,Kentucky,1,0
1844027,2020,Florida,1,0
1889292,2020,Michigan,1,0
1844709,2020,Oklahoma,1,0
1846147,2020,Kansas,1,0
1881623,2020,Arkansas,1,0
1888011,2020,Texas,1,0
1880857,2020,Missouri,1,0
1879819,2020,Ohio,1,0
1879827,2020,Nevada,1,0
1878745,2020,Indiana,1,0
1879707,2020,Idaho,1,0
1883991,2020,Texas,1,0
1866891,2020,Texas,1,0
1877224,2020,Florida,1,0
1861606,2020,Tennessee,1,0
1846012,2020,New York,1,0
1846163,2020,Utah,1,1
1845637,2020,Georgia,1,0
1845477,2020,Louisiana,2,2
1845659,2020,South Carolina,1,0
1885277,2020,Alabama,1,0
1834041,2020,Pennsylvania,1,0
1833659,2020,Nevada,1,0
1866327,2020,Minnesota,1,0
1854625,2020,Oklahoma,1,0
1855978,2020,Texas,1,0
1849722,2020,Virginia,1,0
1850685,2020,North Carolina,1,0
1851996,2020,Mississippi,1,0
1851320,2020,Nebraska,1,0
1852963,2020,Minnesota,1,0
1851421,2020,Texas,1,0
1854447,2020,Michigan,1,0
1851904,2020,South Carolina,1,0
1852533,2020,Florida,1,1
1853472,2020,New York,1,0
1852997,2020,Texas,1,0
1600999,2020,Tennessee,1,0
1855833,2020,Nevada,1,0
1864068,2020,Michigan,2,0
1857382,2020,New York,1,0
1997672,2020,Michigan,1,0
1838884,2020,Florida,1,0
1846835,2020,California,1,0
1842725,2020,Florida,1,0
1848173,2020,Missouri,1,0
1867458,2020,Georgia,1,0
1849742,2020,Colorado,1,0
1861379,2020,Texas,1,1
1862872,2020,Wyoming,1,0
1860299,2020,Arizona,1,0
1861270,2020,Arkansas,1,1
1860127,2020,Wisconsin,1,0
1857634,2020,Mississippi,1,0
1857576,2020,Indiana,1,0
1857658,2020,Florida,1,0
1901799,2020,Pennsylvania,1,0
1860314,2020,Mississippi,1,0
1676220,2020,Alabama,1,0
1883624,2020,Florida,1,0
1883818,2020,Georgia,1,0
1665918,2020,Georgia,1,0
1669964,2020,Missouri,1,0
1832062,2020,Indiana,1,0
1833668,2020,New York,1,0
1879816,2020,Virginia,1,0
1876776,2020,Kentucky,1,0
1877605,2020,California,1,0
1874575,2020,Arkansas,1,0
1873125,2020,New Jersey,1,0
1873062,2020,Virginia,1,0
1871781,2020,Arizona,1,0
1871120,2020,Florida,1,0
1871765,2020,Virginia,1,0
1887873,2020,Mississippi,1,0
1873782,2020,Indiana,1,0
1665094,2020,Georgia,1,0
1870260,2020,Pennsylvania,1,1
1665058,2020,Tennessee,1,0
1666571,2020,Ohio,1,0
1676223,2020,Georgia,1,0
1676636,2020,Texas,1,0
1673111,2020,Arizona,1,0
1673119,2020,Texas,1,0
1671217,2020,Indiana,1,0
1671655,2020,Kentucky,1,0
1664724,2020,Mississippi,1,0
1671464,2020,Texas,1,0
1671437,2020,Georgia,1,0
1670035,2020,Alabama,1,1
1669689,2020,Utah,1,0
1668015,2020,Virginia,1,0
1668856,2020,California,1,0
1668922,2020,Texas,1,0
1666578,2020,Texas,1,0
1666131,2020,Tennessee,1,0
1883735,2020,Minnesota,1,0
1869917,2020,California,1,0
1870009,2020,California,1,1
1888338,2020,Nevada,1,0
1889239,2020,Minnesota,1,0
1888046,2020,Maryland,1,0
1887263,2020,Texas,1,0
1886751,2020,Texas,1,0
1886652,2020,Maryland,1,0
1886385,2020,Florida,1,0
1886077,2020,South Carolina,1,0
1898385,2020,Ohio,1,0
1885378,2020,Minnesota,1,0
1884589,2020,Texas,1,1
1878564,2020,Michigan,1,0
1885920,2020,New York,1,1
1884951,2020,Texas,1,0
1884497,2020,Louisiana,1,0
1892390,2020,Texas,1,0
1927638,2020,Georgia,1,0
1833374,2020,Texas,1,1
1880345,2020,California,1,0
1869439,2020,Georgia,1,0
1873773,2020,Mississippi,1,0
1873821,2020,Ohio,1,0
1868677,2020,North Carolina,1,0
1868782,2020,Texas,1,0
1868020,2020,Ohio,1,0
1867011,2020,Pennsylvania,1,0
1866539,2020,Missouri,1,0
1897353,2020,Nevada,1,0
1864679,2020,Florida,1,0
1864562,2020,Oklahoma,1,0
1866176,2020,Montana,1,0
1867234,2020,Wisconsin,1,0
1869968,2020,Alabama,1,0
1864491,2020,Maryland,1,0
1878951,2020,Maryland,1,0
1600952,2020,North Carolina,1,0
1598354,2020,Tennessee,1,0
1603241,2020,Washington,1,7
1731769,2020,Kentucky,1,0
1731916,2020,Michigan,1,0
1733626,2020,Tennessee,1,0
1731989,2020,Ohio,1,1
1730863,2020,Utah,1,0
1737797,2020,New Mexico,1,0
1734779,2020,Illinois,1,0
1725050,2020,Nebraska,1,0
1727368,2020,Texas,1,0
1727313,2020,Michigan,1,0
1728196,2020,Mississippi,1,0
1725904,2020,Pennsylvania,1,0
1725457,2020,New York,1,0
1726663,2020,Georgia,1,2
1730696,2020,Texas,1,0
1733173,2020,Oklahoma,1,0
1734128,2020,Washington,1,1
1733402,2020,North Carolina,1,0
1716772,2020,Florida,1,0
1715227,2020,North Carolina,1,0
1715578,2020,Iowa,1,0
1723301,2020,New York,1,0
1712670,2020,Arizona,1,0
1713690,2020,Ohio,1,1
2394230,2020,Mississippi,1,0
1712143,2020,Ohio,1,0
1773283,2020,New Mexico,1,0
1718444,2020,Missouri,1,0
1736040,2020,Missouri,1,0
1724597,2020,Texas,1,0
1724737,2020,Illinois,1,1
1735198,2020,Virginia,1,0
1734950,2020,Colorado,1,0
1726758,2020,Indiana,1,0
1725743,2020,California,1,1
1724885,2020,Louisiana,1,0
1728179,2020,Washington,1,0
1802927,2020,Florida,1,0
1800791,2020,Louisiana,1,0
1800710,2020,Pennsylvania,1,0
1802286,2020,Arizona,1,0
1799548,2020,Ohio,1,0
1799465,2020,Louisiana,1,0
1796958,2020,Texas,1,1
1797170,2020,North Carolina,1,0
1796458,2020,Tennessee,1,0
1794843,2020,Michigan,1,0
1795792,2020,Ohio,1,0
1794861,2020,Michigan,1,1
1794400,2020,North Carolina,1,0
1801318,2020,Michigan,1,0
1795177,2020,Illinois,1,0
1811676,2020,Louisiana,1,0
1717210,2020,Georgia,1,0
1802901,2020,Illinois,1,1
1805319,2020,Arizona,1,0
1725791,2020,North Carolina,1,0
1725006,2020,District of Columbia,1,0
2077362,2020,Virginia,1,0
1758600,2020,Ohio,1,0
1822677,2020,Michigan,1,0
1759908,2020,New York,1,0
1810626,2020,New York,1,0
1811358,2020,Oklahoma,1,0
1807377,2020,Michigan,1,0
1806677,2020,North Carolina,1,1
1807948,2020,Georgia,1,0
1807157,2020,Texas,1,0
1808464,2020,Arizona,1,0
1808927,2020,Indiana,1,0
1808002,2020,South Carolina,1,0
1804725,2020,North Carolina,1,0
1719472,2020,Ohio,1,0
1718645,2020,West Virginia,1,1
1719224,2020,Alabama,1,2
1739774,2020,Texas,1,0
1740287,2020,Georgia,1,0
1738740,2020,South Carolina,1,4
1741056,2020,North Carolina,1,0
1737445,2020,Texas,1,0
1748086,2020,Ohio,1,0
1742862,2020,Colorado,1,0
1747425,2020,Tennessee,1,0
1755718,2020,Michigan,1,0
1754541,2020,Hawaii,1,0
1760038,2020,Texas,1,0
1758589,2020,Ohio,1,0
1739047,2020,Florida,1,0
1757373,2020,Connecticut,1,0
1757366,2020,Kansas,1,0
1797403,2020,Nevada,1,0
1756688,2020,Kansas,1,0
1740578,2020,Texas,1,1
1743086,2020,Texas,1,0
1602038,2020,Wisconsin,1,0
1746886,2020,California,1,1
1743207,2020,South Carolina,1,0
1742859,2020,Michigan,1,0
1742807,2020,Tennessee,1,0
1744092,2020,Nebraska,1,0
1745717,2020,New York,1,0
1745464,2020,Wisconsin,1,0
1746308,2020,South Carolina,1,0
1746495,2020,Florida,1,0
1742896,2020,Utah,1,0
1750067,2020,Wisconsin,1,0
1739313,2020,Louisiana,1,0
1740188,2020,Florida,1,0
1742026,2020,Wisconsin,1,0
1742213,2020,Illinois,1,0
1813520,2020,Texas,1,0
1755748,2020,California,1,0
1756742,2020,Texas,1,0
1716187,2020,Ohio,1,0
1735515,2020,Georgia,1,0
1723513,2020,Tennessee,1,0
1722608,2020,Florida,1,0
1721676,2020,Minnesota,1,0
1722444,2020,Illinois,1,0
1722620,2020,Georgia,1,0
1721372,2020,West Virginia,1,0
1721720,2020,Florida,1,0
1719922,2020,Virginia,1,0
2199292,2020,Missouri,1,0
1719521,2020,Texas,1,0
1719070,2020,Florida,1,0
1718981,2020,Illinois,1,0
1723897,2020,Alabama,1,3
1736410,2020,Alabama,1,0
1955245,2020,Texas,1,0
1754391,2020,Texas,1,1
1748936,2020,Tennessee,1,0
1754120,2020,Arkansas,1,0
1754650,2020,Iowa,1,0
1754736,2020,Missouri,1,0
1747443,2020,Arizona,1,0
1754272,2020,New York,1,0
1753306,2020,Texas,1,0
1755752,2020,Florida,1,0
1752497,2020,Florida,1,0
1752659,2020,Missouri,1,2
1752828,2020,Pennsylvania,1,0
1752464,2020,Maryland,1,0
1751653,2020,Illinois,1,0
1751677,2020,Illinois,1,0
1752449,2020,Maryland,1,0
1750109,2020,Indiana,1,0
1748401,2020,Georgia,1,0
1815722,2020,Michigan,1,0
1737194,2020,Colorado,1,0
1830752,2020,Kentucky,1,0
1629261,2020,Florida,1,0
1629234,2020,Florida,1,1
1672810,2020,Florida,1,0
1627699,2020,Tennessee,1,0
1628048,2020,Texas,1,0
1627025,2020,Arizona,1,0
1626860,2020,Florida,1,0
1625658,2020,Arkansas,1,0
1626163,2020,Iowa,1,0
1625892,2020,Florida,1,0
1622731,2020,Tennessee,1,0
1623513,2020,Ohio,1,0
1669567,2020,Texas,1,0
1623097,2020,Kentucky,1,0
1624470,2020,Georgia,2,0
1629795,2020,Alabama,1,0
1622792,2020,Oklahoma,1,0
1629042,2020,Illinois,1,4
1630393,2020,Pennsylvania,1,0
1779307,2020,Indiana,1,0
1779064,2020,Virginia,1,0
1778536,2020,Indiana,1,0
1778724,2020,Indiana,1,0
1777178,2020,Texas,1,0
1777290,2020,Michigan,1,0
1783877,2020,California,1,0
1774108,2020,Pennsylvania,1,0
1781500,2020,Florida,1,0
1711272,2020,Michigan,1,3
1658888,2020,Illinois,1,0
1709255,2020,Mississippi,1,0
1631568,2020,Mississippi,1,0
1631336,2020,West Virginia,1,0
1630676,2020,Missouri,1,0
1630175,2020,Texas,1,0
1778571,2020,Illinois,1,5
1622324,2020,California,1,0
1632100,2020,New Mexico,1,0
1639222,2020,Tennessee,1,0
1636763,2020,North Carolina,1,0
1635786,2020,Washington,1,0
1634779,2020,South Carolina,1,0
1634921,2020,Pennsylvania,1,0
1634139,2020,New York,2,0
1633866,2020,Alabama,1,0
1632459,2020,Kansas,1,0
1633167,2020,Virginia,1,0
1640042,2020,Kentucky,1,0
1620904,2020,Florida,1,0
1622113,2020,Ohio,1,0
1620073,2020,New York,1,0
1604228,2020,Texas,1,0
1841970,2020,Florida,1,0
1639651,2020,Utah,1,0
1623353,2020,Virginia,1,0
1639849,2020,Florida,1,1
1621936,2020,Georgia,1,1
1632254,2020,South Carolina,1,0
1662940,2020,Mississippi,1,0
1632058,2020,Texas,1,0
1648909,2020,Illinois,1,0
1647254,2020,Michigan,1,0
1647218,2020,Florida,1,0
1646415,2020,Indiana,1,0
1646390,2020,Tennessee,1,0
1645583,2020,Illinois,1,0
1643923,2020,Georgia,1,0
1643616,2020,Texas,1,0
1642768,2020,New Mexico,1,0
1641895,2020,Missouri,1,0
1641069,2020,Kentucky,1,0
1641339,2020,Washington,1,0
1649210,2020,Nebraska,1,0
1785041,2020,Arizona,1,0
1637133,2020,Pennsylvania,1,0
1782608,2020,Michigan,1,0
1819464,2020,Oregon,1,0
1820119,2020,California,1,0
1816607,2020,Illinois,1,0
1817371,2020,Illinois,1,0
1816975,2020,Texas,1,0
1824813,2020,Tennessee,1,0
1760345,2020,South Carolina,1,0
1792771,2020,Texas,1,0
1855063,2020,Missouri,1,1
1772364,2020,Florida,1,0
1775315,2020,Wisconsin,1,0
1771427,2020,Florida,1,2
1772221,2020,New Jersey,1,0
1817395,2020,Colorado,1,0
1768031,2020,North Carolina,1,1
1819501,2020,California,1,0
1768607,2020,Georgia,1,0
1820165,2020,Louisiana,1,0
1826295,2020,Louisiana,1,0
1829032,2020,Pennsylvania,1,0
1783193,2020,South Carolina,1,0
1828109,2020,Georgia,1,0
1828457,2020,Kentucky,1,0
1829098,2020,Florida,1,0
1827753,2020,New York,1,0
1827783,2020,Florida,1,0
1825036,2020,Illinois,1,0
1825866,2020,South Carolina,1,0
1824881,2020,Virginia,1,0
1822962,2020,Georgia,1,0
1899748,2020,Texas,1,0
1824291,2020,Ohio,1,0
1711008,2020,New York,1,0
1823424,2020,Louisiana,1,0
1825245,2020,Georgia,1,0
1767974,2020,Wisconsin,1,0
1825466,2020,Illinois,2,0
1765758,2020,Indiana,1,0
1775472,2020,Alaska,1,0
1773462,2020,New York,1,0
1791738,2020,Florida,1,0
1790483,2020,North Carolina,1,0
1789439,2020,Kansas,1,0
1787827,2020,Illinois,1,2
1786049,2020,Virginia,1,0
1797207,2020,North Carolina,1,0
1791391,2020,California,1,1
1789848,2020,Georgia,1,0
1784683,2020,North Carolina,1,0
1783566,2020,Oklahoma,1,0
1782611,2020,Texas,1,0
1768711,2020,Maine,1,0
1783692,2020,Ohio,1,0
1773671,2020,Kentucky,1,0
1785726,2020,Florida,1,1
1763717,2020,Alabama,1,0
1792705,2020,Illinois,1,0
1760178,2020,Missouri,1,0
1760195,2020,Texas,1,0
1765851,2020,North Carolina,1,0
1763742,2020,Missouri,1,0
1763466,2020,Minnesota,1,0
1763278,2020,Virginia,1,0
1763392,2020,Florida,1,0
1761889,2020,Texas,1,0
1762990,2020,Ohio,1,0
1762413,2020,Florida,1,0
1760945,2020,Alabama,1,0
1762019,2020,Iowa,1,0
1760214,2020,Mississippi,1,0
1765376,2020,Texas,1,0
1761693,2020,North Carolina,1,0
1772339,2020,Florida,2,0
1892128,2021,Texas,1,0
2050397,2021,Pennsylvania,1,0
1891520,2021,Illinois,1,1
1894799,2021,Idaho,1,0
1906654,2021,Michigan,1,0
1892901,2021,Oregon,1,0
1892646,2021,South Carolina,1,2
1892088,2021,Texas,1,0
1893327,2021,Texas,1,4
1896235,2021,Pennsylvania,1,0
1894934,2021,Missouri,1,0
1896655,2021,Oklahoma,1,0
1901670,2021,California,1,0
1896224,2021,Pennsylvania,1,0
1905851,2021,Texas,1,0
1906265,2021,Nevada,1,0
1905448,2021,Louisiana,2,1
1907273,2021,Illinois,1,0
1965972,2021,Kansas,1,0
1907866,2021,Texas,1,0
1895241,2021,Tennessee,1,0
1903678,2021,Louisiana,1,0
1903561,2021,Minnesota,1,0
1900966,2021,South Carolina,2,1
1899185,2021,Indiana,1,0
1900089,2021,Texas,1,0
1897844,2021,Florida,1,0
1896249,2021,Mississippi,1,0
2152704,2021,Texas,1,0
1907472,2021,Pennsylvania,1,0
1919003,2021,Michigan,1,0
1928984,2021,Arizona,1,2
1910200,2021,Montana,1,0
1908181,2021,Kentucky,1,0
1908867,2021,Michigan,1,0
1906675,2021,Florida,1,0
1914127,2021,Texas,1,0
1911944,2021,North Carolina,1,0
1911305,2021,California,1,0
1912954,2021,Texas,1,0
1914345,2021,Florida,1,0
1913701,2021,Ohio,1,0
1913552,2021,Tennessee,1,0
1914174,2021,Tennessee,1,0
1915391,2021,Georgia,1,0
1917342,2021,North Carolina,1,0
1918452,2021,West Virginia,1,0
1921789,2021,Florida,1,0
1918965,2021,Georgia,1,0
1920639,2021,Louisiana,1,0
1920755,2021,Pennsylvania,1,0
1920869,2021,Massachusetts,1,0
1923224,2021,North Carolina,1,0
1923715,2021,North Carolina,1,0
1923411,2021,Michigan,1,0
1926689,2021,Tennessee,1,1
1924171,2021,Idaho,1,0
1925681,2021,Tennessee,1,0
1927921,2021,Kentucky,1,0
1926842,2021,Georgia,1,0
1928896,2021,Alabama,1,0
1908542,2021,California,1,3
1907357,2021,Pennsylvania,1,0
1946173,2021,Ohio,1,0
1950259,2021,Michigan,1,0
1939861,2021,Kansas,1,0
1930390,2021,North Carolina,1,1
1931422,2021,California,1,0
1931297,2021,Illinois,1,0
1931897,2021,Tennessee,1,0
1935061,2021,Louisiana,1,0
1936034,2021,Georgia,1,0
1937559,2021,Missouri,1,0
1937262,2021,Colorado,1,0
1945065,2021,South Carolina,1,0
1939110,2021,New Mexico,1,0
1936994,2021,Washington,1,0
1936985,2021,Tennessee,1,0
2372738,2021,Florida,1,0
1943056,2021,Texas,1,0
1940665,2021,Washington,1,0
1944084,2021,Mississippi,1,0
1941245,2021,Michigan,1,0
1942345,2021,Ohio,1,0
1944255,2021,New Mexico,1,0
1942559,2021,Illinois,1,1
1942461,2021,Ohio,2,0
1946200,2021,Indiana,1,0
1944102,2021,Mississippi,1,0
1947126,2021,Texas,1,0
1967912,2021,Texas,1,0
1947131,2021,New Mexico,1,0
1946948,2021,Michigan,1,0
1946228,2021,Iowa,1,0
1947365,2021,Oklahoma,1,0
1996775,2021,Florida,1,0
1966989,2021,North Carolina,1,0
1928908,2021,Pennsylvania,1,0
1929314,2021,Maryland,1,0
1947184,2021,Tennessee,1,0
1949918,2021,Oregon,1,0
1948712,2021,Texas,1,0
1953474,2021,New York,1,0
1951793,2021,Minnesota,1,0
1951655,2021,New York,1,0
1952746,2021,Texas,1,1
1954467,2021,Virginia,1,0
1955409,2021,Tennessee,1,0
1955301,2021,Georgia,1,0
1958776,2021,New York,1,0
1957701,2021,Louisiana,1,1
1957906,2021,Wisconsin,1,0
1958476,2021,Minnesota,1,0
1959738,2021,Missouri,1,0
1959615,2021,Nevada,1,0
1960348,2021,Florida,1,1
1962820,2021,Ohio,1,0
1962699,2021,Pennsylvania,1,0
1964419,2021,Virginia,1,0
1962905,2021,Virginia,1,0
1963070,2021,Virginia,1,0
1963712,2021,Pennsylvania,1,0
1964480,2021,Texas,1,0
1966375,2021,Illinois,1,0
1966235,2021,Virginia,1,0
1966371,2021,Georgia,1,0
1929156,2021,Georgia,1,0
1915359,2021,Mississippi,1,0
1981570,2021,Nevada,1,1
2027097,2021,Florida,1,0
1987107,2021,Washington,1,0
1986906,2021,North Dakota,1,0
1970179,2021,Michigan,1,0
1970336,2021,Arizona,1,0
2008789,2021,Michigan,1,2
1973662,2021,Texas,1,0
1972434,2021,Kentucky,1,0
1971171,2021,Louisiana,1,0
1973320,2021,Michigan,1,0
1971583,2021,Arkansas,1,1
1972352,2021,Virginia,1,0
1972569,2021,Oklahoma,1,0
1973294,2021,Oklahoma,1,0
1972954,2021,Texas,1,0
1974161,2021,Texas,1,0
1974075,2021,Massachusetts,1,0
1974431,2021,Connecticut,1,0
1975373,2021,Florida,1,0
1974999,2021,Texas,1,0
1975927,2021,Tennessee,1,3
1977316,2021,Georgia,1,0
1980492,2021,Ohio,1,5
1981295,2021,Texas,1,0
1982106,2021,Arizona,1,0
1983157,2021,Alabama,1,0
1984097,2021,Texas,1,0
1984361,2021,Tennessee,1,0
1983532,2021,Texas,1,0
1984099,2021,Arizona,1,1
1973985,2021,Connecticut,1,0
1985267,2021,Missouri,1,0
2045922,2021,New Mexico,1,0
2007416,2021,Minnesota,1,1
1993916,2021,Texas,1,0
1947107,2021,Texas,1,0
1986575,2021,Arizona,1,0
1993824,2021,West Virginia,1,0
1996618,2021,Kansas,1,0
1994086,2021,California,1,0
1988688,2021,Virginia,2,3
2008034,2021,Texas,1,0
1991688,2021,Alabama,1,0
1987755,2021,Texas,1,0
1989036,2021,Alaska,1,0
1996148,2021,Pennsylvania,1,0
1987653,2021,Texas,1,0
1989066,2021,Tennessee,1,0
1994331,2021,Illinois,1,0
2005169,2021,Pennsylvania,1,1
1998108,2021,Florida,1,1
1997489,2021,Florida,1,0
1999088,2021,Wisconsin,1,0
1999805,2021,Illinois,1,0
2003588,2021,Missouri,1,0
2010265,2021,Texas,1,0
2004922,2021,Ohio,1,0
2006304,2021,Michigan,1,0
2006294,2021,Arizona,1,0
2007135,2021,New York,1,1
2011809,2021,Florida,1,0
2006594,2021,Alabama,1,0
1987006,2021,Florida,1,1
2009257,2021,Ohio,1,0
1967934,2021,California,1,0
2008856,2021,South Carolina,1,0
2010015,2021,Maryland,1,0
2028374,2021,Illinois,1,0
2009582,2021,Indiana,1,0
2011077,2021,New York,1,5
2011139,2021,Texas,2,0
2014683,2021,Mississippi,1,0
2011610,2021,Indiana,1,4
2012104,2021,Tennessee,1,0
2014514,2021,Texas,1,0
2018311,2021,Texas,1,1
2023336,2021,West Virginia,1,0
2015797,2021,Arizona,1,0
2016573,2021,Utah,1,0
2018559,2021,Iowa,1,0
2019508,2021,Maryland,1,0
2019036,2021,Georgia,1,1
2019331,2021,Oklahoma,1,0
2018972,2021,New York,1,0
2022433,2021,Pennsylvania,1,0
2021339,2021,Nebraska,1,0
2021159,2021,Kentucky,1,0
2022188,2021,Texas,1,0
2023091,2021,Mississippi,1,0
2022551,2021,Illinois,1,0
2025180,2021,Virginia,1,0
2025297,2021,Texas,1,0
2030497,2021,Wisconsin,1,0
2027081,2021,Iowa,1,0
2026879,2021,Texas,1,0
2025578,2021,Minnesota,1,0
2009451,2021,Illinois,2,0
2038033,2021,Louisiana,1,0
2029899,2021,Virginia,1,0
2051370,2021,Missouri,1,0
2029078,2021,Tennessee,1,3
2032475,2021,Florida,1,0
2034643,2021,Texas,1,0
2036173,2021,Oklahoma,1,0
2035964,2021,Florida,1,0
2037273,2021,Oregon,1,0
2037995,2021,Maine,1,0
2042046,2021,New Jersey,1,0
2039861,2021,Texas,1,0
2039532,2021,Illinois,1,0
2042475,2021,Texas,1,0
2042281,2021,Michigan,1,0
2044303,2021,Kentucky,1,0
2051643,2021,Illinois,1,0
2044225,2021,Michigan,1,0
2046188,2021,Georgia,1,0
2045604,2021,Illinois,1,0
2045116,2021,Virginia,1,0
2045920,2021,Arizona,1,0
2045972,2021,Pennsylvania,1,0
2045611,2021,Georgia,1,2
2045816,2021,California,1,0
2047178,2021,Tennessee,1,0
2048932,2021,Alabama,1,0
2048113,2021,Maryland,1,0
2048839,2021,District of Columbia,1,0
2050250,2021,Michigan,2,0
2050433,2021,Missouri,1,0
1969109,2021,Vermont,1,0
2033799,2021,Kansas,1,0
2050257,2021,Ohio,1,0
1931260,2021,Missouri,2,1
2051739,2021,Florida,1,0
2066733,2021,Arizona,1,0
2051982,2021,Texas,1,0
2123099,2021,Texas,1,0
2052146,2021,Virginia,1,1
2052995,2021,Virginia,1,0
2054915,2021,Texas,1,0
2052603,2021,California,1,0
2053255,2021,Tennessee,1,0
2053921,2021,Kansas,1,0
2055057,2021,Virginia,1,0
2056708,2021,Texas,1,0
2055374,2021,Colorado,1,0
2055926,2021,Tennessee,1,0
2086576,2021,North Carolina,1,0
2056068,2021,West Virginia,1,0
2057472,2021,Mississippi,1,0
2057278,2021,California,1,0
2058232,2021,Oklahoma,1,0
2059286,2021,Utah,1,0
2120402,2021,Maryland,1,0
2060546,2021,Kansas,1,0
2061324,2021,Tennessee,1,0
2062831,2021,Ohio,1,0
2070938,2021,Mississippi,1,0
2064549,2021,Texas,1,0
2159198,2021,Tennessee,1,0
2065125,2021,Pennsylvania,1,0
2067771,2021,Mississippi,1,0
2209052,2021,Tennessee,1,0
2067698,2021,Tennessee,1,0
2070859,2021,Kansas,1,0
2085088,2021,New York,1,1
2116658,2021,Nevada,1,0
2068820,2021,Texas,1,1
2077372,2021,Oklahoma,1,0
2071018,2021,Wisconsin,1,0
2072912,2021,Texas,1,0
2075001,2021,Nebraska,1,0
2074453,2021,Mississippi,1,0
2073050,2021,Tennessee,1,0
2075861,2021,Texas,1,0
2075277,2021,North Carolina,1,0
2075415,2021,Ohio,1,0
2078743,2021,Pennsylvania,1,0
2079064,2021,Ohio,1,0
2081403,2021,Oklahoma,2,0
2079460,2021,North Carolina,1,0
2081408,2021,California,2,0
2080577,2021,Pennsylvania,1,0
2081433,2021,Mississippi,1,0
2081494,2021,Utah,1,0
2081354,2021,Missouri,1,0
2080140,2021,Wisconsin,1,0
2081118,2021,Virginia,1,0
2081610,2021,Louisiana,1,0
2081603,2021,Michigan,1,0
2081842,2021,Texas,1,0
2084174,2021,Alabama,1,0
2082997,2021,Ohio,1,0
2083541,2021,Illinois,1,0
2087669,2021,Kansas,1,0
2065625,2021,Utah,1,0
2066378,2021,Texas,1,0
2085311,2021,Arizona,1,0
2051232,2021,North Carolina,1,0
2103807,2021,Oklahoma,1,0
2088140,2021,Mississippi,1,0
2087889,2021,Louisiana,1,0
2089812,2021,Florida,1,0
2090601,2021,Louisiana,1,0
2089777,2021,Texas,1,0
2090016,2021,Texas,1,0
2093549,2021,Virginia,1,0
2089933,2021,Minnesota,1,0
2092834,2021,Nevada,1,0
2094873,2021,Texas,1,0
2095383,2021,New York,1,1
2096906,2021,Kansas,1,0
2092310,2021,Wisconsin,1,0
2088253,2021,Texas,1,0
2099712,2021,New Mexico,1,0
2103349,2021,Oklahoma,1,0
2097200,2021,Minnesota,1,0
2101524,2021,Tennessee,1,0
2101044,2021,Mississippi,2,1
2102827,2021,Florida,1,0
2101237,2021,Florida,1,0
2101870,2021,Tennessee,1,0
2100311,2021,Indiana,1,0
2097513,2021,California,1,0
2098732,2021,Georgia,1,0
2098283,2021,North Carolina,1,0
2100249,2021,Louisiana,1,0
2112989,2021,Mississippi,1,0
2123189,2021,Pennsylvania,1,0
2130461,2021,Georgia,1,0
2104404,2021,New Jersey,1,0
2294860,2021,Florida,1,0
2087885,2021,Ohio,1,0
2113166,2021,Georgia,1,0
2105606,2021,Indiana,1,0
2105820,2021,Illinois,1,0
2107176,2021,Michigan,1,0
2107195,2021,Arizona,1,0
2107554,2021,Florida,1,1
2106807,2021,Texas,1,0
2107882,2021,North Carolina,1,0
2108630,2021,Texas,1,0
2108023,2021,New York,1,1
2110058,2021,Texas,1,0
2111032,2021,Texas,1,0
2111306,2021,Missouri,1,1
2117048,2021,Illinois,1,0
2117622,2021,California,1,0
2128223,2021,Michigan,1,0
2113550,2021,Tennessee,1,0
2121291,2021,Alaska,1,0
2114784,2021,North Carolina,1,0
2115854,2021,Florida,1,0
2115900,2021,Georgia,1,0
2117257,2021,New York,1,0
2118394,2021,Illinois,1,0
2118466,2021,Texas,1,0
2118593,2021,Kansas,1,0
2120012,2021,Colorado,1,0
2119057,2021,Wisconsin,1,0
2087860,2021,Louisiana,1,0
2205701,2021,Arkansas,1,0
2171971,2021,Pennsylvania,1,0
2121284,2021,Arkansas,1,0
2183755,2021,Tennessee,1,0
2151494,2021,Pennsylvania,1,0
2127839,2021,New York,1,0
2128582,2021,Indiana,1,0
2128369,2021,Wisconsin,1,0
2129020,2021,Mississippi,1,0
2129539,2021,Florida,1,0
2130850,2021,North Carolina,1,0
2140753,2021,Wyoming,1,0
2140128,2021,Texas,1,0
2135002,2021,Florida,1,0
2136570,2021,Florida,1,0
2136751,2021,Missouri,1,0
2141217,2021,Arizona,1,0
2142753,2021,Ohio,1,0
2142565,2021,South Carolina,1,0
2144081,2021,Georgia,1,0
2144177,2021,Illinois,1,0
2145183,2021,Texas,1,0
2145945,2021,Pennsylvania,1,0
2146467,2021,Ohio,1,0
2146786,2021,North Carolina,1,0
2147566,2021,North Carolina,1,0
2147494,2021,New Mexico,1,1
2149166,2021,Michigan,1,0
2148563,2021,Illinois,1,0
2150400,2021,Indiana,1,0
2156411,2021,Texas,1,0
2150576,2021,Tennessee,1,0
2151242,2021,Ohio,1,0
2172408,2021,Pennsylvania,1,0
2153488,2021,Montana,1,0
2152151,2021,Alabama,1,0
2172240,2021,Texas,1,0
2210313,2021,Oregon,1,0
2129284,2021,Kansas,1,0
2153114,2021,Texas,1,0
2153925,2021,Alabama,1,0
2154648,2021,South Carolina,1,0
2155185,2021,Florida,1,0
2241941,2021,Virginia,1,0
2155786,2021,California,1,0
2155735,2021,Colorado,1,0
2159578,2021,North Carolina,1,0
2156847,2021,Tennessee,1,0
2159609,2021,South Carolina,1,0
2289434,2021,Ohio,1,0
2161546,2021,South Carolina,1,1
2181186,2021,Pennsylvania,1,0
2164195,2021,South Carolina,1,0
2163725,2021,Missouri,1,0
2163895,2021,Texas,1,0
2163997,2021,Ohio,2,0
2164863,2021,Minnesota,1,0
2167270,2021,Georgia,1,1
2165859,2021,Alabama,1,0
2166371,2021,Georgia,1,0
2167037,2021,Texas,1,0
2170008,2021,Texas,1,0
2167392,2021,Texas,1,0
2167322,2021,Colorado,1,0
2169312,2021,Georgia,1,1
2053259,2021,South Carolina,1,0
2152726,2021,Vermont,1,0
2173103,2021,Texas,1,0
2167422,2021,Nebraska,1,0
2126505,2021,Texas,1,0
2185474,2021,Texas,1,0
2173053,2021,Pennsylvania,1,0
2173281,2021,Pennsylvania,1,0
2174201,2021,New Hampshire,1,0
2174343,2021,Wisconsin,1,0
2180035,2021,South Carolina,1,0
2174401,2021,District of Columbia,1,0
2175523,2021,New York,1,0
2175125,2021,Pennsylvania,1,0
2176170,2021,Georgia,1,0
2175762,2021,Minnesota,1,0
2176523,2021,California,1,0
2176729,2021,Texas,1,0
2176759,2021,North Carolina,1,0
2176740,2021,Pennsylvania,1,0
2178037,2021,Ohio,1,0
2180460,2021,Montana,1,0
2177873,2021,Kansas,1,0
2178901,2021,Virginia,1,0
2180515,2021,Massachusetts,1,0
2179980,2021,Georgia,1,0
2182295,2021,West Virginia,1,0
2181438,2021,Kentucky,1,0
2182094,2021,Texas,1,0
2183429,2021,South Carolina,1,0
2184789,2021,Missouri,1,0
2172458,2021,Missouri,1,0
2182238,2021,Iowa,1,0
2183286,2021,Georgia,1,0
2172398,2021,Kentucky,1,0
2186328,2021,New Mexico,1,0
2177762,2021,Texas,1,0
2201856,2021,North Carolina,1,0
2190929,2021,Georgia,1,0
2188213,2021,California,1,0
2186998,2021,Florida,1,0
2189953,2021,Texas,1,0
2190724,2021,Georgia,1,0
2191477,2021,Texas,1,0
2193914,2021,Virginia,1,0
2192674,2021,Illinois,1,0
2193547,2021,South Carolina,1,0
2193262,2021,Ohio,1,0
2193960,2021,Washington,1,0
2194857,2021,Alabama,1,0
2195175,2021,Louisiana,1,0
2196657,2021,Louisiana,1,0
2196089,2021,Texas,1,0
2192768,2021,Florida,1,0
2196475,2021,Missouri,1,0
2202353,2021,Nebraska,1,0
2202057,2021,Wisconsin,1,0
2195525,2021,California,2,0
2200960,2021,North Dakota,1,0
2199766,2021,Ohio,1,0
2203442,2021,Mississippi,1,0
2187023,2021,Florida,1,0
2199289,2021,North Carolina,1,0
2198740,2021,Ohio,1,0
2200121,2021,Texas,1,0
2196844,2021,North Carolina,1,0
2201117,2021,Georgia,1,0
2199383,2021,Mississippi,1,0
2206517,2022,North Carolina,1,0
2206763,2022,Mississippi,1,0
2205692,2022,Mississippi,1,0
2204803,2022,Texas,1,0
2208974,2022,Arizona,1,0
2202944,2022,Louisiana,1,0
2206857,2022,Louisiana,1,0
2210478,2022,Georgia,1,0
2210511,2022,Tennessee,1,0
2221493,2022,Missouri,1,1
2209838,2022,Arizona,1,0
2210266,2022,Florida,1,0
2210422,2022,Texas,1,0
2209185,2022,Alabama,1,0
2214531,2022,Missouri,1,0
2212218,2022,Wisconsin,1,0
2208442,2022,Kentucky,1,0
2228803,2022,Texas,1,0
2223936,2022,Utah,1,0
2221488,2022,District of Columbia,1,0
2221352,2022,North Carolina,1,0
2224250,2022,Georgia,1,0
2353802,2022,Ohio,1,0
2222988,2022,Louisiana,1,0
2223433,2022,Washington,1,0
2223068,2022,Alabama,1,0
2223090,2022,Texas,0,1
2253936,2022,Florida,1,0
2224487,2022,Illinois,1,1
2225058,2022,Michigan,2,0
2221152,2022,Maryland,1,0
2224493,2022,Washington,1,0
2225505,2022,Louisiana,1,0
2226136,2022,Mississippi,1,0
2226545,2022,Texas,1,0
2226204,2022,Texas,1,0
2226010,2022,Georgia,1,0
2227028,2022,Indiana,1,0
2227615,2022,Texas,1,0
2220645,2022,Iowa,1,0
2217125,2022,Tennessee,1,0
2232526,2022,Michigan,1,0
2230426,2022,Indiana,1,0
2233135,2022,North Carolina,1,0
2230752,2022,Oregon,2,0
2230809,2022,District of Columbia,1,0
2231225,2022,Alabama,1,0
2230893,2022,District of Columbia,1,0
2272168,2022,Nevada,1,0
2237539,2022,Mississippi,1,0
2233298,2022,Rhode Island,1,0
2230367,2022,Texas,1,0
2234293,2022,Texas,1,0
2234451,2022,Alabama,1,0
2236276,2022,Arizona,1,0
2236737,2022,California,1,1
2237971,2022,Texas,1,0
2239050,2022,Ohio,1,0
2239005,2022,Texas,2,1
2258607,2022,Ohio,1,0
2379620,2022,Texas,1,0
2244627,2022,Georgia,1,0
2241851,2022,Georgia,1,0
2243381,2022,Georgia,1,0
2254521,2022,Texas,1,0
2256026,2022,Texas,1,0
2254406,2022,Missouri,1,0
2243899,2022,Pennsylvania,1,0
2245905,2022,Arizona,1,0
2245739,2022,Texas,1,0
2248782,2022,New York,1,0
2247352,2022,Texas,1,1
2250600,2022,Alabama,1,0
2251565,2022,Nevada,1,0
2251037,2022,Tennessee,1,0
2251822,2022,Tennessee,1,0
2241362,2022,Indiana,1,0
2253591,2022,Illinois,1,0
2252105,2022,Alaska,1,0
2253196,2022,Illinois,1,0
2252761,2022,Nebraska,1,0
2252244,2022,Pennsylvania,1,0
2252422,2022,Louisiana,1,0
2254381,2022,Tennessee,1,0
2230735,2022,Kansas,1,0
2257972,2022,California,1,0
2266832,2022,Missouri,1,0
2301979,2022,Texas,1,0
2274219,2022,Oklahoma,1,0
2260829,2022,Ohio,1,0
2261209,2022,Tennessee,1,0
2262737,2022,Minnesota,1,0
2262573,2022,Ohio,1,0
2262881,2022,Missouri,2,0
2265089,2022,Tennessee,1,0
2264686,2022,Texas,1,0
2273462,2022,Texas,1,0
2265633,2022,Georgia,1,0
2271885,2022,Texas,1,0
2278822,2022,Washington,1,0
2268578,2022,Louisiana,1,1
2271187,2022,Florida,1,0
2271796,2022,Arizona,1,0
2270300,2022,Florida,1,0
2271766,2022,Mississippi,1,0
2271185,2022,Pennsylvania,1,0
2267050,2022,Texas,1,0
2272836,2022,Tennessee,1,0
2273983,2022,Texas,1,0
2281849,2022,Colorado,1,0
2240997,2022,Georgia,1,0
2274050,2022,Ohio,1,0
2273835,2022,Georgia,1,0
2275341,2022,Texas,1,0
2275526,2022,Montana,1,0
2276006,2022,Colorado,1,0
2278321,2022,Idaho,1,0
2277765,2022,Texas,1,0
2282234,2022,Minnesota,1,0
2275528,2022,Georgia,1,0
2278610,2022,North Carolina,1,0
2278012,2022,Louisiana,1,0
2276842,2022,New York,1,0
2277989,2022,Texas,1,1
2278104,2022,Nevada,1,0
2280916,2022,Ohio,1,0
2280526,2022,Minnesota,1,0
2281993,2022,New York,1,0
2275952,2022,Alabama,1,0
2258733,2022,Louisiana,1,0
2283611,2022,Indiana,1,0
2285738,2022,Louisiana,1,0
2293685,2022,Arkansas,1,0
2286385,2022,South Carolina,1,0
2288433,2022,Louisiana,1,0
2288933,2022,Minnesota,1,0
2290628,2022,Minnesota,1,0
2291798,2022,Indiana,1,0
2293282,2022,Nebraska,1,0
2291903,2022,Louisiana,1,0
2285521,2022,Texas,1,0
2292748,2022,Texas,1,0
2297952,2022,North Carolina,1,0
2379684,2022,Texas,1,0
2294003,2022,Georgia,1,0
2293994,2022,New York,1,0
2295052,2022,Ohio,1,0
2295738,2022,Texas,1,0
2296002,2022,Alabama,1,0
2296058,2022,Washington,1,0
2293216,2022,Florida,1,0
2283436,2022,Texas,1,2
2297984,2022,Tennessee,1,0
2313112,2022,West Virginia,1,0
2305610,2022,Louisiana,1,0
2301663,2022,Arizona,1,0
2364342,2022,Ohio,1,0
2303474,2022,Colorado,1,0
2303515,2022,Wisconsin,1,0
2304173,2022,Iowa,1,0
2303670,2022,New York,1,0
2305630,2022,Delaware,1,0
2300812,2022,North Carolina,1,0
2309708,2022,Arizona,1,0
2300193,2022,Texas,1,0
2307218,2022,Arizona,1,0
2307608,2022,North Carolina,1,0
2308610,2022,Utah,1,0
2308304,2022,Colorado,1,0
2310152,2022,Arizona,1,0
2314313,2022,Georgia,1,0
2312649,2022,Oklahoma,1,0
2305354,2022,Ohio,1,0
2313469,2022,Washington,1,0
2330527,2022,South Carolina,1,0
2322579,2022,Florida,1,0
2322582,2022,Ohio,1,0
2330073,2022,Texas,1,0
2382624,2022,New York,1,0
2318085,2022,Ohio,1,0
2318628,2022,Alabama,1,0
2321704,2022,Louisiana,1,0
2321188,2022,Michigan,1,0
2322940,2022,South Carolina,1,0
2338717,2022,New Jersey,1,0
2326067,2022,North Carolina,1,0
2332525,2022,Texas,1,0
2325947,2022,Ohio,1,0
2325298,2022,Texas,1,0
2325901,2022,Ohio,1,0
2328249,2022,Florida,1,0
2330532,2022,Tennessee,1,1
2330189,2022,Wisconsin,1,0
2332922,2022,Mississippi,1,0
2324518,2022,Texas,1,1
2360404,2022,Tennessee,1,0
2335187,2022,District of Columbia,1,0
2353218,2022,Georgia,1,0
2337574,2022,Tennessee,1,0
2339505,2022,Michigan,1,0
2340309,2022,North Carolina,1,1
2341881,2022,West Virginia,1,0
2341383,2022,Florida,1,1
2340803,2022,Missouri,1,0
2340972,2022,Texas,1,0
2342174,2022,Kentucky,1,0
2337547,2022,Louisiana,1,0
2343957,2022,Texas,1,0
2346512,2022,Pennsylvania,1,0
2345628,2022,Wisconsin,1,0
2346998,2022,North Carolina,1,0
2351047,2022,Virginia,1,0
2346865,2022,Virginia,1,2
2351169,2022,Ohio,1,0
2351033,2022,Ohio,1,0
2353810,2022,Texas,1,0
2345108,2022,Missouri,1,0
2355667,2022,North Carolina,1,0
2326674,2022,Texas,2,0
2381631,2022,Pennsylvania,1,0
2364685,2022,Florida,1,0
2355865,2022,Tennessee,1,0
2356147,2022,Alabama,1,0
2370835,2022,Illinois,1,0
2358335,2022,Oklahoma,1,0
2359835,2022,Arkansas,1,0
2360449,2022,Wisconsin,1,0
2364633,2022,Indiana,1,0
2371338,2022,South Carolina,1,0
2377401,2022,Florida,1,0
2363850,2022,Missouri,1,0
2370544,2022,Washington,1,0
2366254,2022,South Carolina,1,0
2370647,2022,Indiana,1,0
2366931,2022,Florida,1,0
2369189,2022,Michigan,1,0
2364234,2022,Michigan,1,0
2312692,2022,Indiana,1,0
2361217,2022,Colorado,1,0
2354749,2022,Louisiana,1,0
2382588,2022,Alabama,1,0
2383853,2022,Colorado,1,0
2373675,2022,Idaho,1,0
2372284,2022,Texas,1,0
2374980,2022,Texas,1,1
2376926,2022,Ohio,1,0
2376246,2022,West Virginia,1,0
2376918,2022,Arizona,1,0
2378733,2022,Maryland,1,0
2377523,2022,Wisconsin,1,0
2372813,2022,Florida,1,0
2377481,2022,New Mexico,1,0
2382461,2022,Mississippi,1,0
2381339,2022,Texas,1,0
2381104,2022,Maryland,1,0
2381419,2022,Texas,1,0
2381412,2022,Georgia,1,0
2381393,2022,Minnesota,1,0
2355496,2022,Michigan,1,0
2382854,2022,Texas,1,0
2378923,2022,District of Columbia,1,0
2386592,2022,New Jersey,1,0
2425936,2022,Texas,1,0
2384914,2022,Wisconsin,1,0
2389342,2022,Delaware,1,1
2384050,2022,Virginia,1,0
2384894,2022,Georgia,1,0
2386529,2022,North Dakota,1,0
2386019,2022,Arkansas,1,0
2386993,2022,Florida,1,0
2388581,2022,Oklahoma,1,0
2388749,2022,Tennessee,1,0
2415338,2022,Tennessee,1,0
2389003,2022,Florida,1,0
2395161,2022,Michigan,1,0
2392036,2022,Pennsylvania,1,0
2391857,2022,Maryland,1,1
2392690,2022,Mississippi,1,0
2396019,2022,California,1,0
2395435,2022,Florida,1,0
2395235,2022,California,1,0
2395409,2022,Ohio,1,0
2396611,2022,Indiana,1,0
2394403,2022,Georgia,1,0
2398474,2022,Michigan,1,0
2411616,2022,Maine,1,0
2402876,2022,Missouri,1,0
2396391,2022,Arizona,1,1
2398601,2022,West Virginia,1,0
2401293,2022,Florida,1,0
2401464,2022,Hawaii,1,0
2400908,2022,Alaska,1,0
2400355,2022,New York,1,0
2402171,2022,Alabama,1,0
2397706,2022,Florida,1,0
2400857,2022,Minnesota,1,0
2394971,2022,Tennessee,1,0
2403928,2022,Indiana,1,0
2404903,2022,New York,1,0
2409391,2022,Oklahoma,1,0
2407282,2022,Indiana,1,0
2407412,2022,Texas,1,0
2411698,2022,Nevada,1,0
2412238,2022,Texas,1,0
2405476,2022,Ohio,1,0
2418498,2022,Illinois,1,0
2413063,2022,Tennessee,1,0
2384523,2022,Texas,1,0
2413777,2022,Michigan,1,0
2415724,2022,Ohio,1,0
2415825,2022,Pennsylvania,1,0
2416715,2022,New Jersey,1,0
2416717,2022,New Jersey,1,0
2418295,2022,Texas,1,0
2416174,2022,North Carolina,1,0
2418129,2022,Virginia,1,0
2421053,2022,South Carolina,1,0
2425335,2022,Florida,1,0
2425950,2022,South Carolina,1,0
2424332,2022,Colorado,1,0
2424598,2022,California,1,0
2424073,2022,Wisconsin,1,0
2423209,2022,Michigan,1,0
2424013,2022,Ohio,1,0
2424304,2022,Virginia,1,0
2426126,2022,New York,1,0
2430399,2022,Arkansas,1,0
2413368,2022,Virginia,1,0
2436459,2022,Georgia,1,0
2434445,2022,Minnesota,1,0
2439878,2022,Idaho,1,0
2440387,2022,Georgia,1,0
2434598,2022,Missouri,1,0
2435562,2022,Louisiana,1,0
2440451,2022,Montana,1,0
2439761,2022,Kentucky,1,0
2436296,2022,Mississippi,1,0
2436845,2022,Arizona,1,0
2438202,2022,Colorado,1,0
2440614,2022,Washington,1,0
2433217,2022,Virginia,1,0
2438918,2022,North Carolina,1,0
2440421,2022,South Carolina,1,0
2439503,2022,Texas,1,0
2441982,2022,North Carolina,1,0
2441176,2022,North Carolina,1,0
2440710,2022,Florida,1,0
2440896,2022,Tennessee,1,0
2315205,2022,Michigan,1,0
2229726,2022,Alabama,1,0
2442581,2022,Texas,1,0
